{"type": "FeatureCollection", "features": [{"type": "Feature", "properties": {"shape_id": "1057_20260609_1", "route_short_name": "57", "route_long_name": "Kontula(M) - Viikki - Koskela - Ruskeasuo - Munkkiniemi", "route_type": "701", "color": "#1f77b4", "point_count": 391}, "geometry": {"type": "LineString", "coordinates": [[25.081854, 60.236432], [25.081639, 60.236627], [25.081374, 60.236818], [25.081126, 60.236945], [25.080859, 60.237055], [25.080537, 60.237156], [25.080234, 60.237276], [25.079735, 60.237468], [25.078914, 60.237762], [25.078718, 60.237836], [25.078522, 60.237891], [25.07779, 60.238184], [25.076934, 60.238496], [25.07631, 60.238726], [25.075668, 60.238973], [25.075259, 60.239174], [25.075029, 60.23932], [25.074766, 60.239546], [25.074626, 60.239691], [25.074283, 60.239685], [25.073914, 60.239691], [25.073601, 60.239688], [25.073168, 60.23981], [25.072651, 60.240003], [25.071973, 60.24026], [25.07167, 60.24037], [25.071365, 60.240444], [25.071078, 60.240492], [25.07079, 60.240521], [25.070519, 60.240505], [25.070193, 60.240463], [25.06916, 60.240346], [25.068888, 60.240312], [25.068597, 60.240242], [25.068322, 60.24011], [25.068136, 60.239959], [25.067445, 60.239255], [25.067351, 60.239129], [25.067273, 60.238969], [25.067285, 60.23878], [25.067301, 60.238699], [25.067693, 60.237439], [25.06771, 60.237394], [25.067666, 60.23717], [25.067516, 60.237001], [25.067442, 60.23693], [25.066252, 60.235871], [25.066047, 60.235684], [25.065899, 60.235569], [25.065696, 60.235445], [25.06511, 60.235171], [25.064304, 60.234801], [25.063826, 60.234526], [25.063604, 60.234367], [25.062934, 60.233762], [25.062241, 60.233142], [25.062135, 60.233041], [25.061763, 60.232712], [25.061504, 60.232499], [25.060951, 60.232153], [25.06024, 60.231934], [25.059803, 60.231812], [25.059312, 60.23169], [25.058968, 60.231666], [25.058697, 60.231659], [25.058355, 60.231698], [25.058032, 60.231736], [25.057211, 60.231847], [25.056576, 60.231937], [25.05618, 60.231958], [25.056021, 60.231932], [25.055979, 60.231896], [25.055796, 60.231655], [25.055657, 60.231414], [25.055567, 60.231424], [25.05544, 60.231407], [25.055367, 60.231363], [25.055328, 60.2313], [25.055327, 60.231246], [25.055379, 60.231201], [25.055468, 60.231156], [25.055558, 60.231137], [25.055181, 60.230637], [25.054957, 60.230415], [25.054679, 60.230201], [25.05422, 60.229945], [25.0538, 60.229805], [25.052685, 60.229559], [25.051802, 60.229381], [25.051604, 60.229427], [25.051301, 60.229616], [25.051304, 60.229627], [25.051272, 60.229753], [25.051257, 60.229861], [25.05128, 60.229986], [25.051337, 60.230102], [25.051467, 60.230209], [25.051799, 60.230431], [25.051552, 60.230603], [25.050866, 60.231156], [25.050406, 60.231456], [25.04968, 60.231884], [25.049184, 60.232157], [25.048508, 60.232494], [25.048077, 60.232746], [25.04723, 60.233151], [25.045773, 60.233907], [25.044883, 60.2343], [25.044544, 60.234402], [25.044383, 60.234466], [25.043919, 60.234631], [25.043025, 60.23488], [25.041662, 60.23516], [25.041033, 60.235255], [25.040439, 60.235314], [25.039141, 60.235369], [25.038383, 60.235357], [25.037442, 60.235274], [25.036862, 60.235207], [25.035992, 60.235096], [25.035575, 60.235046], [25.035158, 60.234986], [25.03465, 60.234891], [25.033705, 60.234692], [25.032905, 60.234492], [25.032613, 60.234414], [25.032431, 60.23437], [25.031776, 60.234187], [25.030573, 60.233819], [25.030873, 60.233592], [25.030994, 60.233439], [25.031045, 60.233331], [25.031041, 60.233196], [25.031034, 60.232999], [25.031047, 60.23281], [25.031059, 60.232056], [25.030448, 60.230984], [25.030185, 60.230663], [25.029999, 60.230485], [25.028783, 60.229275], [25.028132, 60.228516], [25.02796, 60.228203], [25.027751, 60.227872], [25.027602, 60.22773], [25.027473, 60.227641], [25.027252, 60.227508], [25.027106, 60.227446], [25.026687, 60.227315], [25.026541, 60.227271], [25.026358, 60.227183], [25.02623, 60.227121], [25.026101, 60.227041], [25.025769, 60.22682], [25.025474, 60.226615], [25.024569, 60.225949], [25.02433, 60.225816], [25.024111, 60.225728], [25.023584, 60.225616], [25.023238, 60.225511], [25.022783, 60.22538], [25.022417, 60.225239], [25.022233, 60.225097], [25.021935, 60.224803], [25.021597, 60.224392], [25.021241, 60.223955], [25.020236, 60.224152], [25.019721, 60.224232], [25.018191, 60.224544], [25.017368, 60.224757], [25.017189, 60.224812], [25.017155, 60.224875], [25.017049, 60.22493], [25.016905, 60.224949], [25.016697, 60.22522], [25.016405, 60.22555], [25.016262, 60.225753], [25.016036, 60.226024], [25.015949, 60.226114], [25.015826, 60.226232], [25.01565, 60.226368], [25.015419, 60.226504], [25.015206, 60.226596], [25.014956, 60.226688], [25.014687, 60.226761], [25.0144, 60.226817], [25.014113, 60.226865], [25.013489, 60.226946], [25.012688, 60.22706], [25.011436, 60.227235], [25.011273, 60.227263], [25.011093, 60.227273], [25.010967, 60.227274], [25.010804, 60.227248], [25.010621, 60.227186], [25.010402, 60.22708], [25.010291, 60.227], [25.010032, 60.226805], [25.009772, 60.226574], [25.009311, 60.226191], [25.0092, 60.226129], [25.009036, 60.226059], [25.008872, 60.226024], [25.00867, 60.225891], [25.008562, 60.225901], [25.008472, 60.225901], [25.008399, 60.225884], [25.008326, 60.225849], [25.007731, 60.225925], [25.007482, 60.226035], [25.007217, 60.226216], [25.005737, 60.226793], [25.005326, 60.226922], [25.004842, 60.227042], [25.00434, 60.227144], [25.004125, 60.2272], [25.003461, 60.227304], [25.003209, 60.227324], [25.002848, 60.227326], [25.002649, 60.227319], [25.002451, 60.227311], [25.002052, 60.227243], [25.001852, 60.227199], [25.001306, 60.22706], [25.000742, 60.226894], [25.000104, 60.226692], [24.999283, 60.226393], [24.998404, 60.225996], [24.997505, 60.225491], [24.997394, 60.22542], [24.997284, 60.225349], [24.996603, 60.224905], [24.99592, 60.224408], [24.995662, 60.224212], [24.995364, 60.223936], [24.995215, 60.223785], [24.99475, 60.223304], [24.994435, 60.223046], [24.994178, 60.222886], [24.993884, 60.222718], [24.993536, 60.222541], [24.992901, 60.222212], [24.992894, 60.222205], [24.992419, 60.221993], [24.991924, 60.221763], [24.991596, 60.221631], [24.991211, 60.221454], [24.990936, 60.221313], [24.99051, 60.220948], [24.990139, 60.22061], [24.989789, 60.220352], [24.98955, 60.220201], [24.988178, 60.219574], [24.986934, 60.219027], [24.985417, 60.218346], [24.985015, 60.218179], [24.984267, 60.217906], [24.98383, 60.217765], [24.983484, 60.21766], [24.983029, 60.217547], [24.98263, 60.21746], [24.982231, 60.217391], [24.980072, 60.216995], [24.979793, 60.216947], [24.979206, 60.216983], [24.97894, 60.216974], [24.975972, 60.216818], [24.972992, 60.216715], [24.972648, 60.216672], [24.972124, 60.216649], [24.971292, 60.216566], [24.970441, 60.216464], [24.969753, 60.216362], [24.968973, 60.216215], [24.968136, 60.216052], [24.965759, 60.215372], [24.965118, 60.215193], [24.963847, 60.214887], [24.958561, 60.213578], [24.958193, 60.213439], [24.957117, 60.213015], [24.956441, 60.212751], [24.955438, 60.212345], [24.952096, 60.211034], [24.950456, 60.210379], [24.947679, 60.209328], [24.946736, 60.208952], [24.946572, 60.20889], [24.946106, 60.208827], [24.945085, 60.208722], [24.94469, 60.208679], [24.944345, 60.208619], [24.944114, 60.208579], [24.943765, 60.208506], [24.943275, 60.208411], [24.942586, 60.208255], [24.942113, 60.208132], [24.941223, 60.207905], [24.940622, 60.207712], [24.939946, 60.20746], [24.939328, 60.207228], [24.938782, 60.207043], [24.938109, 60.206859], [24.937395, 60.206736], [24.936913, 60.206661], [24.936424, 60.206602], [24.936063, 60.20656], [24.935683, 60.206526], [24.934798, 60.20647], [24.934364, 60.206455], [24.933787, 60.206459], [24.933031, 60.206482], [24.932562, 60.206504], [24.932203, 60.206533], [24.931303, 60.206602], [24.930062, 60.206718], [24.92909, 60.206796], [24.928551, 60.206872], [24.92433, 60.207394], [24.92273, 60.207676], [24.920093, 60.208188], [24.918716, 60.208434], [24.918173, 60.208533], [24.91767, 60.208608], [24.916484, 60.20876], [24.915458, 60.20883], [24.914433, 60.208884], [24.913746, 60.208878], [24.91297, 60.208856], [24.912248, 60.208816], [24.911561, 60.208767], [24.91091, 60.2087], [24.910204, 60.208624], [24.908703, 60.208455], [24.90827, 60.208449], [24.907312, 60.208384], [24.906319, 60.208337], [24.905289, 60.208263], [24.903798, 60.208195], [24.903355, 60.208133], [24.903083, 60.208098], [24.902376, 60.208079], [24.901531, 60.208073], [24.899656, 60.208077], [24.899091, 60.208111], [24.898595, 60.208183], [24.897661, 60.208222], [24.896848, 60.208294], [24.895537, 60.208427], [24.895066, 60.208422], [24.892047, 60.208684], [24.891508, 60.208867], [24.890699, 60.20898], [24.890304, 60.209055], [24.889451, 60.20877], [24.889266, 60.208658], [24.889011, 60.208579], [24.888632, 60.208563], [24.886934, 60.208485], [24.886411, 60.208462], [24.885995, 60.208438], [24.885471, 60.208378], [24.884962, 60.208247], [24.884908, 60.208229], [24.884616, 60.208097], [24.884413, 60.207954], [24.883785, 60.207384], [24.883398, 60.2071], [24.883252, 60.207011], [24.882924, 60.206914], [24.882706, 60.206853], [24.882429, 60.206815], [24.879851, 60.206621], [24.880007, 60.206377], [24.880055, 60.20617], [24.880295, 60.205711], [24.880585, 60.20509], [24.881147, 60.203856], [24.881147, 60.203856], [24.881846, 60.202362], [24.882348, 60.201362], [24.883598, 60.199101], [24.883869, 60.198435], [24.884639, 60.196931], [24.884618, 60.196814], [24.884487, 60.196609], [24.884293, 60.19645], [24.884947, 60.196319], [24.885336, 60.196245], [24.885669, 60.196195], [24.885609, 60.196099], [24.885371, 60.195775]]}}, {"type": "Feature", "properties": {"shape_id": "1057_20260609_2", "route_short_name": "57", "route_long_name": "Kontula(M) - Viikki - Koskela - Ruskeasuo - Munkkiniemi", "route_type": "701", "color": "#1f77b4", "point_count": 413}, "geometry": {"type": "LineString", "coordinates": [[24.885371, 60.195775], [24.885289, 60.195634], [24.885234, 60.19559], [24.885125, 60.195545], [24.884971, 60.195491], [24.884963, 60.195547], [24.884963, 60.195573], [24.884946, 60.195601], [24.884929, 60.195619], [24.884805, 60.1957], [24.884686, 60.195805], [24.884612, 60.195899], [24.884559, 60.195962], [24.884543, 60.196016], [24.8846, 60.196132], [24.88475, 60.196365], [24.884813, 60.196531], [24.884886, 60.196696], [24.884873, 60.196885], [24.884804, 60.19702], [24.884652, 60.197296], [24.883248, 60.199997], [24.881846, 60.202362], [24.881796, 60.202497], [24.881607, 60.202857], [24.881147, 60.203856], [24.880585, 60.20509], [24.880295, 60.205693], [24.879851, 60.206621], [24.880755, 60.206695], [24.882429, 60.206815], [24.882707, 60.206862], [24.882942, 60.206914], [24.883252, 60.207011], [24.883398, 60.207091], [24.883785, 60.207393], [24.884413, 60.207954], [24.884616, 60.208097], [24.884962, 60.208247], [24.885471, 60.208378], [24.885742, 60.208403], [24.885995, 60.208438], [24.886411, 60.208462], [24.886411, 60.208462], [24.886934, 60.208485], [24.888632, 60.208563], [24.888993, 60.208579], [24.889283, 60.208649], [24.889521, 60.208754], [24.889939, 60.209044], [24.890212, 60.208966], [24.890588, 60.208882], [24.892047, 60.208684], [24.893966, 60.208421], [24.894846, 60.208262], [24.895191, 60.208199], [24.895743, 60.208113], [24.897038, 60.207987], [24.897362, 60.207949], [24.897866, 60.20791], [24.89837, 60.207897], [24.899094, 60.207964], [24.899401, 60.20798], [24.899653, 60.207969], [24.900528, 60.207963], [24.901546, 60.207965], [24.903242, 60.20799], [24.903603, 60.207942], [24.903783, 60.207932], [24.904559, 60.207954], [24.905796, 60.208034], [24.906944, 60.208117], [24.907504, 60.208167], [24.908897, 60.208319], [24.909351, 60.208406], [24.911251, 60.208635], [24.912607, 60.208751], [24.913274, 60.208773], [24.914068, 60.208777], [24.915114, 60.20877], [24.915978, 60.20871], [24.916967, 60.208604], [24.917901, 60.208472], [24.918816, 60.208313], [24.919785, 60.208136], [24.920733, 60.207949], [24.923535, 60.207428], [24.927887, 60.206843], [24.9297, 60.206667], [24.931013, 60.20655], [24.931696, 60.206492], [24.932525, 60.206441], [24.933768, 60.206396], [24.934344, 60.206383], [24.934958, 60.206406], [24.935735, 60.206463], [24.936422, 60.20653], [24.937636, 60.20671], [24.938198, 60.206832], [24.938797, 60.206971], [24.939289, 60.207129], [24.941231, 60.207853], [24.94164, 60.207974], [24.943056, 60.208296], [24.94331, 60.208357], [24.943582, 60.2084], [24.943908, 60.208443], [24.944215, 60.208458], [24.944811, 60.20849], [24.945166, 60.208495], [24.945424, 60.208495], [24.945605, 60.208501], [24.945984, 60.208518], [24.946265, 60.208538], [24.946618, 60.208639], [24.946838, 60.208736], [24.947145, 60.208842], [24.947658, 60.209044], [24.948734, 60.209458], [24.950194, 60.210058], [24.951344, 60.210508], [24.952238, 60.210869], [24.952426, 60.210936], [24.952986, 60.211151], [24.954045, 60.211565], [24.954884, 60.2119], [24.956399, 60.212493], [24.956873, 60.212676], [24.957219, 60.212799], [24.958205, 60.213188], [24.958715, 60.213372], [24.959625, 60.213635], [24.961352, 60.214098], [24.964558, 60.21495], [24.965678, 60.215207], [24.966714, 60.215486], [24.968841, 60.216045], [24.969332, 60.216158], [24.970384, 60.216348], [24.971145, 60.216459], [24.971868, 60.216535], [24.972772, 60.2166], [24.973621, 60.216638], [24.975843, 60.216739], [24.975972, 60.216818], [24.978121, 60.216892], [24.979793, 60.216947], [24.980072, 60.216995], [24.981069, 60.217167], [24.981795, 60.217314], [24.982231, 60.217391], [24.98263, 60.21746], [24.983029, 60.217547], [24.983484, 60.21766], [24.98383, 60.217765], [24.984267, 60.217906], [24.984686, 60.218046], [24.985416, 60.218337], [24.986112, 60.218673], [24.986898, 60.219009], [24.986934, 60.219027], [24.988178, 60.219574], [24.98955, 60.220201], [24.989789, 60.220352], [24.990139, 60.22061], [24.99051, 60.220948], [24.990936, 60.221313], [24.991211, 60.221454], [24.991596, 60.221631], [24.991924, 60.221763], [24.992419, 60.221993], [24.992894, 60.222205], [24.992901, 60.222212], [24.993536, 60.222541], [24.993884, 60.222718], [24.994178, 60.222886], [24.994435, 60.223046], [24.99475, 60.223304], [24.995476, 60.224052], [24.995885, 60.224426], [24.996087, 60.224559], [24.996383, 60.224781], [24.996695, 60.224967], [24.997597, 60.225553], [24.999136, 60.226331], [25.001307, 60.227078], [25.002052, 60.227243], [25.002451, 60.227311], [25.002848, 60.227326], [25.003209, 60.227324], [25.003461, 60.227304], [25.003677, 60.227275], [25.004125, 60.2272], [25.004435, 60.227113], [25.004842, 60.227042], [25.005326, 60.226922], [25.005737, 60.226793], [25.00629, 60.226582], [25.007217, 60.226216], [25.007482, 60.226035], [25.007714, 60.225934], [25.008326, 60.225849], [25.008288, 60.225804], [25.008286, 60.22575], [25.008321, 60.225705], [25.008428, 60.225659], [25.008554, 60.225649], [25.008663, 60.225667], [25.008737, 60.22572], [25.008757, 60.2258], [25.008705, 60.225864], [25.00867, 60.225891], [25.008872, 60.226024], [25.009054, 60.226058], [25.009218, 60.226129], [25.009311, 60.2262], [25.009772, 60.226565], [25.010032, 60.226805], [25.010291, 60.227009], [25.01042, 60.227089], [25.010621, 60.227186], [25.010804, 60.227248], [25.010967, 60.227274], [25.011111, 60.227272], [25.011237, 60.227263], [25.013138, 60.226995], [25.013489, 60.226946], [25.014113, 60.226856], [25.0144, 60.226817], [25.014687, 60.226761], [25.014956, 60.226688], [25.015206, 60.226596], [25.015437, 60.226495], [25.01565, 60.226368], [25.015826, 60.226232], [25.015949, 60.226114], [25.016036, 60.226024], [25.016488, 60.225482], [25.016575, 60.225356], [25.016869, 60.224941], [25.016778, 60.224932], [25.016669, 60.224897], [25.016612, 60.224826], [25.016628, 60.224745], [25.016681, 60.224709], [25.016752, 60.224681], [25.016932, 60.224662], [25.017096, 60.224696], [25.01715, 60.224714], [25.01724, 60.224704], [25.017886, 60.224583], [25.018191, 60.224544], [25.019721, 60.224232], [25.021241, 60.223955], [25.021635, 60.224446], [25.021935, 60.224803], [25.022233, 60.225097], [25.022399, 60.225239], [25.022783, 60.22538], [25.023238, 60.225511], [25.023983, 60.225693], [25.024129, 60.225728], [25.024275, 60.225781], [25.024367, 60.225825], [25.024568, 60.225931], [25.024956, 60.226215], [25.025493, 60.226633], [25.025788, 60.226837], [25.026064, 60.227024], [25.026358, 60.227192], [25.026541, 60.227271], [25.026724, 60.227333], [25.027124, 60.227455], [25.027271, 60.227517], [25.027491, 60.227641], [25.027621, 60.227748], [25.027751, 60.227881], [25.027883, 60.22806], [25.028132, 60.228516], [25.028783, 60.229275], [25.030129, 60.2306], [25.030279, 60.230788], [25.030524, 60.231127], [25.030619, 60.23127], [25.031059, 60.232056], [25.031049, 60.232891], [25.031037, 60.23308], [25.031006, 60.233241], [25.030991, 60.23334], [25.030855, 60.233593], [25.030784, 60.233638], [25.030573, 60.233819], [25.031284, 60.234038], [25.032304, 60.234326], [25.032777, 60.234457], [25.033032, 60.234518], [25.033159, 60.234553], [25.033705, 60.234692], [25.03465, 60.234891], [25.035194, 60.234986], [25.035992, 60.235096], [25.037442, 60.235274], [25.038401, 60.235357], [25.039141, 60.235369], [25.040421, 60.235323], [25.041033, 60.235264], [25.041698, 60.235151], [25.043025, 60.23488], [25.043919, 60.234622], [25.044401, 60.234466], [25.04547, 60.234017], [25.045773, 60.233907], [25.047212, 60.233151], [25.048077, 60.232746], [25.048651, 60.232421], [25.049308, 60.232093], [25.049698, 60.231884], [25.050424, 60.231447], [25.050866, 60.231156], [25.051552, 60.230594], [25.051799, 60.230431], [25.051467, 60.230209], [25.051337, 60.230102], [25.051279, 60.229977], [25.051257, 60.229861], [25.051272, 60.229744], [25.051304, 60.229627], [25.051301, 60.229616], [25.051478, 60.22941], [25.051619, 60.22931], [25.05178, 60.229264], [25.051978, 60.229263], [25.053184, 60.229536], [25.054088, 60.229775], [25.054431, 60.229869], [25.054824, 60.2302], [25.055046, 60.230369], [25.05525, 60.230556], [25.055402, 60.230779], [25.055423, 60.230878], [25.055558, 60.231137], [25.055649, 60.231154], [25.05574, 60.23118], [25.055814, 60.231234], [25.055833, 60.231287], [25.055817, 60.231341], [25.055764, 60.231387], [25.055657, 60.231414], [25.055809, 60.231655], [25.055904, 60.231789], [25.05598, 60.231905], [25.056021, 60.231932], [25.05618, 60.231958], [25.056576, 60.231937], [25.058032, 60.231736], [25.058712, 60.231659], [25.059004, 60.231666], [25.059294, 60.23169], [25.059839, 60.231821], [25.060349, 60.231969], [25.060969, 60.232162], [25.061522, 60.232507], [25.062135, 60.233041], [25.062803, 60.233619], [25.063604, 60.234367], [25.063826, 60.234526], [25.064304, 60.234801], [25.065275, 60.235242], [25.065696, 60.235445], [25.065899, 60.235569], [25.066047, 60.235684], [25.066252, 60.235871], [25.067534, 60.237001], [25.067591, 60.237081], [25.067666, 60.23717], [25.06771, 60.237394], [25.067693, 60.237439], [25.067285, 60.238771], [25.067285, 60.23878], [25.067273, 60.238969], [25.067351, 60.239129], [25.067446, 60.239264], [25.068136, 60.239959], [25.068322, 60.24011], [25.068615, 60.240242], [25.068888, 60.240312], [25.070501, 60.240505], [25.07079, 60.240521], [25.071096, 60.240491], [25.071365, 60.240444], [25.07167, 60.24037], [25.071848, 60.240297], [25.072651, 60.240003], [25.073168, 60.23981], [25.073601, 60.239688], [25.074283, 60.239685], [25.074626, 60.239691], [25.074766, 60.239537], [25.074976, 60.239356], [25.075105, 60.239261], [25.075561, 60.239019], [25.07606, 60.238818], [25.076934, 60.238496], [25.077469, 60.238303], [25.078241, 60.237997], [25.080912, 60.237037], [25.081233, 60.236899], [25.081409, 60.23679], [25.081438, 60.236738], [25.081709, 60.236572], [25.081929, 60.236364], [25.081574, 60.236313], [25.082, 60.23592]]}}, {"type": "Feature", "properties": {"shape_id": "1070_20260203_1", "route_short_name": "70", "route_long_name": "Kamppi-Töölö-Pihlajamäki-Pukinmäki-Malmi", "route_type": "701", "color": "#ff7f0e", "point_count": 377}, "geometry": {"type": "LineString", "coordinates": [[24.931631, 60.169004], [24.931975, 60.169257], [24.931689, 60.169322], [24.931389, 60.169521], [24.930878, 60.169956], [24.930367, 60.170327], [24.930085, 60.170545], [24.92883, 60.17015], [24.928305, 60.170535], [24.92742, 60.171219], [24.927204, 60.171247], [24.926971, 60.171267], [24.924472, 60.171334], [24.924152, 60.171619], [24.923933, 60.171796], [24.92373, 60.172025], [24.923486, 60.172305], [24.923121, 60.172784], [24.922792, 60.173271], [24.922517, 60.17373], [24.922365, 60.174099], [24.922266, 60.174396], [24.922206, 60.174836], [24.922174, 60.17498], [24.922142, 60.175124], [24.922037, 60.175312], [24.922179, 60.175864], [24.922367, 60.176568], [24.922486, 60.177114], [24.922691, 60.178001], [24.922892, 60.178736], [24.923016, 60.178844], [24.923277, 60.178976], [24.92337, 60.179056], [24.923794, 60.179625], [24.923988, 60.179904], [24.924489, 60.180412], [24.924636, 60.180519], [24.924783, 60.180608], [24.92586, 60.181085], [24.927263, 60.181642], [24.927754, 60.181818], [24.928772, 60.18215], [24.92961, 60.182424], [24.930919, 60.182845], [24.931174, 60.182951], [24.931376, 60.183085], [24.931488, 60.183192], [24.931621, 60.183442], [24.932139, 60.184587], [24.932285, 60.184667], [24.932558, 60.184728], [24.93426, 60.184985], [24.93464, 60.185054], [24.935979, 60.185242], [24.936323, 60.185294], [24.938241, 60.185567], [24.94025, 60.185858], [24.940437, 60.18592], [24.940706, 60.186052], [24.940999, 60.186194], [24.941786, 60.186467], [24.943114, 60.18695], [24.94342, 60.187047], [24.943566, 60.187109], [24.943798, 60.187257], [24.944651, 60.187837], [24.945073, 60.188121], [24.945332, 60.188335], [24.946121, 60.188805], [24.946829, 60.189185], [24.947366, 60.189478], [24.947932, 60.189726], [24.949161, 60.190462], [24.949493, 60.19072], [24.950101, 60.191078], [24.952041, 60.192201], [24.952848, 60.192671], [24.953049, 60.192759], [24.953725, 60.192993], [24.954232, 60.193146], [24.954395, 60.19319], [24.954942, 60.19341], [24.955582, 60.193719], [24.957034, 60.19449], [24.958909, 60.195393], [24.959937, 60.195905], [24.96045, 60.196179], [24.960945, 60.196463], [24.961383, 60.196702], [24.961603, 60.196799], [24.961877, 60.19695], [24.962135, 60.197119], [24.962282, 60.197216], [24.962081, 60.197747], [24.961924, 60.198414], [24.961756, 60.198943], [24.961782, 60.19923], [24.961825, 60.199463], [24.961903, 60.199678], [24.962059, 60.200054], [24.962136, 60.200233], [24.962213, 60.200394], [24.962289, 60.200519], [24.962589, 60.20093], [24.962721, 60.2011], [24.962944, 60.201349], [24.96339, 60.201804], [24.963871, 60.202213], [24.964075, 60.202382], [24.965089, 60.203138], [24.965236, 60.203244], [24.965366, 60.203387], [24.965609, 60.203654], [24.965665, 60.203735], [24.965964, 60.204074], [24.966264, 60.204484], [24.966641, 60.20502], [24.966793, 60.205279], [24.966792, 60.20527], [24.967152, 60.205852], [24.967437, 60.206335], [24.968054, 60.207686], [24.968175, 60.208125], [24.968396, 60.208904], [24.96855, 60.209244], [24.968631, 60.20953], [24.968671, 60.209674], [24.968678, 60.209916], [24.968667, 60.210149], [24.968673, 60.210347], [24.968695, 60.21049], [24.968755, 60.210687], [24.96885, 60.210848], [24.969224, 60.211294], [24.969897, 60.212097], [24.970419, 60.212668], [24.970773, 60.213069], [24.971164, 60.21347], [24.97207, 60.214217], [24.973928, 60.216017], [24.974448, 60.216533], [24.974948, 60.216979], [24.975428, 60.217334], [24.975944, 60.217707], [24.976496, 60.218071], [24.977343, 60.218621], [24.977748, 60.218897], [24.978721, 60.219464], [24.979069, 60.21964], [24.979876, 60.220075], [24.980388, 60.220322], [24.980919, 60.220579], [24.981559, 60.22087], [24.982418, 60.221214], [24.983384, 60.221558], [24.98415, 60.221812], [24.98506, 60.222084], [24.985514, 60.222197], [24.987059, 60.222571], [24.988767, 60.222962], [24.990493, 60.223362], [24.991712, 60.223685], [24.99255, 60.223939], [24.993826, 60.224361], [24.994848, 60.224739], [24.995853, 60.225153], [24.996566, 60.225462], [24.997499, 60.225895], [24.99814, 60.226195], [24.998707, 60.226451], [24.999401, 60.226715], [24.999821, 60.226883], [25.000095, 60.226979], [25.000733, 60.22719], [25.001115, 60.227304], [25.001896, 60.227459], [25.003058, 60.227702], [25.00382, 60.227822], [25.004201, 60.227882], [25.005251, 60.227999], [25.006083, 60.228074], [25.00668, 60.228114], [25.00771, 60.228151], [25.009298, 60.228175], [25.010327, 60.228177], [25.011085, 60.228171], [25.01177, 60.228148], [25.01181, 60.228291], [25.011814, 60.22839], [25.011772, 60.228628], [25.011735, 60.228759], [25.011614, 60.228948], [25.011456, 60.229093], [25.011156, 60.22932], [25.010891, 60.229492], [25.010538, 60.229737], [25.010344, 60.2299], [25.010152, 60.230099], [25.010049, 60.23027], [25.010019, 60.230468], [25.010011, 60.230809], [25.010033, 60.230917], [25.010056, 60.231069], [25.010133, 60.231239], [25.010209, 60.231355], [25.010321, 60.231471], [25.01058, 60.231676], [25.011262, 60.232137], [25.01174, 60.232448], [25.011551, 60.232754], [25.011492, 60.233168], [25.011497, 60.233329], [25.011448, 60.233509], [25.011415, 60.233581], [25.011363, 60.233653], [25.011151, 60.233825], [25.010478, 60.234234], [25.010248, 60.23438], [25.009982, 60.234525], [25.009893, 60.234653], [25.010228, 60.234914], [25.01039, 60.23489], [25.010518, 60.234934], [25.010538, 60.234997], [25.010449, 60.23506], [25.010288, 60.235089], [25.009984, 60.23519], [25.007238, 60.236889], [25.006423, 60.23738], [25.005767, 60.23778], [25.0055, 60.237916], [25.002596, 60.239141], [25.002331, 60.239332], [25.002316, 60.239431], [25.002337, 60.239529], [25.002394, 60.239636], [25.002563, 60.23986], [25.002639, 60.239967], [25.002937, 60.240261], [25.003103, 60.240394], [25.003287, 60.2405], [25.003398, 60.24058], [25.003492, 60.240714], [25.003497, 60.240885], [25.003484, 60.241046], [25.003451, 60.241127], [25.003362, 60.241182], [25.003201, 60.241228], [25.001199, 60.241306], [25.000802, 60.241318], [25.000423, 60.241321], [25.000025, 60.241288], [24.999571, 60.24122], [24.999226, 60.24115], [24.999008, 60.241098], [24.99877, 60.24101], [24.99846, 60.240896], [24.998096, 60.240791], [24.997841, 60.24073], [24.997605, 60.240678], [24.997097, 60.24061], [24.996808, 60.240603], [24.996466, 60.240615], [24.99634, 60.240634], [24.9967, 60.241196], [24.996795, 60.241366], [24.996871, 60.241491], [24.996894, 60.241644], [24.996917, 60.241814], [24.996903, 60.241931], [24.996871, 60.242084], [24.996786, 60.242255], [24.996719, 60.242399], [24.996585, 60.24275], [24.996332, 60.242752], [24.996026, 60.242763], [24.99572, 60.24281], [24.995434, 60.242893], [24.995005, 60.243058], [24.994668, 60.243231], [24.994296, 60.243467], [24.99419, 60.243567], [24.993912, 60.243978], [24.993571, 60.244568], [24.993363, 60.244866], [24.993156, 60.245163], [24.992587, 60.246047], [24.992308, 60.246426], [24.991788, 60.247186], [24.991619, 60.247526], [24.99139, 60.24769], [24.991645, 60.247769], [24.991809, 60.247821], [24.992179, 60.247874], [24.994455, 60.248142], [24.995724, 60.248294], [24.996992, 60.248455], [24.997303, 60.248561], [24.99765, 60.248693], [24.998143, 60.248878], [24.997753, 60.249105], [24.997274, 60.249387], [24.996955, 60.249605], [24.996567, 60.249895], [24.996056, 60.25032], [24.995617, 60.250719], [24.995264, 60.250982], [24.994801, 60.251218], [24.994374, 60.251401], [24.993944, 60.25153], [24.993747, 60.251567], [24.993406, 60.251642], [24.992903, 60.251735], [24.992525, 60.251783], [24.993554, 60.252942], [24.993892, 60.253379], [24.994072, 60.25397], [24.994131, 60.254123], [24.994226, 60.254257], [24.995554, 60.254998], [24.996137, 60.255346], [24.997191, 60.256146], [24.998442, 60.256891], [24.999433, 60.256406], [25.000899, 60.255741], [25.001308, 60.255532], [25.001916, 60.255013], [25.002272, 60.254564], [25.002973, 60.253383], [25.003257, 60.253129], [25.003375, 60.253035], [25.003861, 60.252793], [25.004415, 60.252618], [25.004918, 60.252515], [25.005224, 60.252468], [25.005475, 60.252421], [25.006517, 60.252252], [25.006822, 60.252151], [25.007235, 60.251937], [25.008031, 60.251531], [25.008225, 60.251368], [25.00833, 60.25126], [25.008399, 60.25116], [25.008467, 60.251025], [25.008611, 60.250678], [25.008763, 60.250664], [25.009014, 60.250608], [25.009103, 60.250581], [25.009245, 60.250508], [25.009368, 60.25039], [25.009365, 60.250273], [25.009399, 60.25021], [25.009395, 60.250094], [25.009338, 60.249995], [25.009225, 60.249862], [25.009005, 60.249738], [25.008823, 60.249694], [25.008923, 60.249415], [25.009027, 60.249271], [25.009131, 60.249135], [25.009236, 60.249045], [25.009483, 60.248845], [25.009748, 60.248664], [25.010067, 60.248464], [25.01019, 60.248355], [25.010846, 60.24853], [25.011572, 60.248659], [25.011753, 60.248684], [25.012751, 60.248838], [25.013277, 60.248924], [25.013244, 60.249005], [25.013003, 60.249384], [25.012932, 60.249438], [25.012239, 60.249794], [25.012026, 60.249903], [25.01262, 60.25019]]}}, {"type": "Feature", "properties": {"shape_id": "1070_20260203_2", "route_short_name": "70", "route_long_name": "Kamppi-Töölö-Pihlajamäki-Pukinmäki-Malmi", "route_type": "701", "color": "#ff7f0e", "point_count": 357}, "geometry": {"type": "LineString", "coordinates": [[25.011906, 60.249954], [25.011919, 60.249958], [25.012026, 60.249903], [25.012914, 60.249439], [25.012985, 60.249384], [25.013209, 60.249041], [25.013277, 60.248924], [25.011753, 60.248684], [25.011572, 60.248659], [25.011191, 60.24859], [25.010846, 60.24853], [25.01019, 60.248355], [25.009713, 60.248691], [25.009412, 60.248873], [25.009113, 60.249153], [25.009027, 60.249271], [25.008959, 60.249424], [25.008823, 60.249694], [25.009005, 60.249738], [25.009115, 60.249791], [25.009207, 60.249853], [25.009319, 60.24996], [25.009308, 60.249967], [25.009415, 60.250138], [25.009418, 60.250246], [25.009368, 60.25039], [25.009245, 60.250508], [25.009103, 60.250581], [25.009014, 60.250617], [25.008835, 60.250654], [25.008611, 60.250678], [25.008556, 60.250998], [25.00842, 60.251277], [25.008281, 60.25144], [25.008158, 60.251557], [25.007999, 60.251666], [25.006969, 60.252221], [25.006693, 60.252313], [25.006449, 60.252387], [25.005208, 60.252567], [25.004867, 60.252623], [25.00424, 60.252781], [25.003936, 60.252882], [25.003545, 60.253082], [25.003403, 60.253182], [25.003175, 60.253399], [25.002914, 60.253697], [25.002435, 60.254599], [25.002175, 60.254924], [25.001841, 60.25524], [25.001417, 60.25554], [25.00083, 60.255849], [24.998569, 60.256908], [24.998442, 60.256891], [24.997559, 60.256359], [24.997191, 60.256146], [24.996137, 60.255346], [24.995554, 60.254998], [24.994226, 60.254257], [24.994131, 60.254114], [24.993892, 60.25337], [24.993779, 60.253219], [24.993554, 60.252942], [24.993066, 60.252362], [24.992525, 60.251783], [24.992921, 60.251735], [24.993962, 60.25153], [24.994392, 60.251401], [24.994462, 60.251356], [24.994801, 60.251218], [24.995264, 60.250982], [24.995617, 60.250719], [24.996056, 60.25032], [24.996567, 60.249895], [24.996955, 60.249605], [24.997274, 60.249387], [24.997753, 60.249105], [24.998143, 60.248878], [24.99765, 60.248693], [24.997546, 60.248654], [24.996992, 60.248455], [24.995724, 60.248294], [24.994455, 60.248142], [24.992498, 60.247915], [24.991827, 60.247821], [24.99139, 60.24769], [24.991601, 60.247509], [24.99167, 60.2474], [24.991683, 60.247352], [24.992326, 60.246417], [24.992586, 60.246038], [24.993156, 60.245163], [24.99419, 60.243567], [24.994296, 60.243467], [24.994579, 60.243268], [24.994668, 60.243231], [24.995024, 60.243058], [24.995219, 60.242967], [24.995433, 60.242884], [24.995738, 60.24281], [24.996026, 60.242763], [24.996332, 60.242743], [24.996585, 60.24275], [24.996719, 60.242399], [24.996871, 60.242084], [24.996902, 60.241886], [24.996898, 60.24176], [24.996894, 60.241653], [24.996834, 60.241456], [24.9967, 60.241196], [24.99634, 60.240634], [24.996808, 60.240603], [24.997115, 60.24061], [24.997587, 60.240678], [24.998114, 60.240791], [24.99846, 60.240896], [24.998715, 60.240984], [24.999026, 60.241098], [24.999589, 60.241228], [25.000025, 60.241288], [25.000441, 60.241321], [25.000748, 60.241318], [25.001199, 60.241306], [25.003201, 60.241219], [25.003309, 60.241209], [25.003416, 60.241181], [25.003469, 60.241136], [25.003484, 60.241046], [25.003497, 60.240885], [25.003492, 60.240714], [25.003454, 60.240661], [25.003398, 60.24058], [25.003103, 60.240394], [25.002937, 60.240261], [25.002771, 60.240066], [25.002336, 60.23952], [25.002316, 60.23944], [25.00233, 60.239323], [25.002596, 60.239141], [25.0055, 60.237907], [25.005785, 60.23778], [25.006405, 60.237398], [25.006936, 60.237062], [25.007238, 60.236889], [25.007361, 60.236789], [25.009292, 60.235608], [25.010002, 60.235189], [25.010228, 60.234914], [25.009893, 60.234653], [25.009982, 60.234525], [25.010318, 60.234316], [25.01046, 60.234226], [25.010726, 60.23408], [25.011151, 60.233825], [25.011363, 60.233653], [25.011448, 60.233509], [25.011497, 60.233329], [25.011551, 60.232754], [25.01174, 60.232448], [25.011227, 60.232191], [25.01089, 60.231995], [25.010601, 60.231774], [25.010249, 60.231499], [25.010118, 60.231356], [25.009985, 60.231115], [25.009903, 60.230801], [25.009896, 60.230577], [25.010049, 60.23027], [25.010116, 60.230117], [25.010519, 60.22971], [25.010891, 60.229492], [25.010027, 60.229255], [25.009453, 60.229099], [25.009053, 60.228995], [25.008199, 60.228812], [25.007692, 60.228735], [25.007438, 60.228701], [25.006442, 60.228601], [25.005989, 60.228541], [25.005537, 60.228491], [25.00463, 60.228345], [25.004085, 60.228241], [25.003668, 60.228164], [25.003396, 60.228112], [25.002412, 60.227831], [25.00254, 60.227867], [25.001576, 60.227632], [25.000574, 60.227326], [24.999936, 60.227106], [24.99917, 60.226834], [24.998731, 60.226657], [24.998457, 60.226552], [24.997854, 60.226287], [24.99725, 60.226022], [24.996335, 60.225589], [24.99564, 60.225281], [24.99469, 60.224884], [24.993649, 60.224497], [24.992446, 60.224093], [24.991499, 60.223813], [24.990227, 60.22349], [24.989427, 60.22329], [24.988627, 60.223107], [24.98692, 60.222725], [24.985339, 60.222351], [24.983974, 60.221966], [24.98319, 60.221712], [24.982187, 60.221359], [24.981329, 60.220997], [24.980688, 60.220706], [24.980139, 60.220441], [24.979168, 60.219936], [24.978672, 60.219657], [24.977129, 60.218731], [24.976228, 60.218163], [24.975659, 60.217808], [24.975142, 60.217435], [24.97444, 60.216884], [24.97102, 60.21348], [24.970648, 60.213097], [24.970457, 60.212721], [24.969916, 60.212115], [24.969224, 60.211294], [24.96885, 60.210848], [24.968755, 60.210687], [24.968695, 60.21049], [24.968673, 60.210347], [24.968667, 60.210149], [24.968678, 60.209916], [24.968671, 60.209674], [24.968631, 60.20953], [24.96855, 60.209244], [24.968396, 60.208904], [24.968054, 60.207686], [24.967708, 60.206961], [24.967437, 60.206335], [24.967152, 60.205852], [24.966792, 60.20527], [24.966793, 60.205279], [24.966641, 60.20502], [24.966264, 60.204484], [24.965815, 60.203922], [24.965609, 60.203654], [24.965366, 60.203387], [24.965236, 60.203244], [24.965089, 60.203138], [24.964683, 60.202826], [24.964075, 60.202382], [24.963779, 60.202133], [24.96339, 60.201804], [24.963223, 60.201634], [24.962945, 60.201358], [24.962796, 60.201198], [24.96259, 60.200948], [24.962308, 60.200546], [24.962117, 60.200206], [24.962021, 60.199992], [24.961825, 60.199446], [24.96178, 60.199141], [24.961756, 60.198943], [24.961629, 60.198195], [24.961824, 60.197579], [24.962135, 60.197119], [24.96186, 60.196977], [24.96155, 60.196854], [24.960982, 60.196526], [24.959223, 60.195638], [24.956062, 60.194102], [24.955678, 60.193916], [24.955382, 60.193769], [24.954856, 60.193536], [24.954199, 60.193272], [24.952961, 60.192841], [24.952777, 60.192725], [24.951916, 60.192229], [24.949186, 60.190666], [24.948559, 60.190224], [24.947972, 60.189869], [24.947607, 60.18971], [24.94726, 60.189569], [24.94715, 60.189507], [24.946967, 60.189409], [24.946454, 60.189117], [24.945446, 60.188532], [24.945281, 60.188425], [24.944967, 60.188194], [24.944562, 60.187874], [24.944359, 60.187714], [24.944212, 60.187625], [24.943807, 60.187341], [24.94357, 60.187226], [24.941965, 60.186591], [24.941327, 60.186347], [24.940436, 60.186036], [24.940218, 60.185975], [24.939566, 60.185863], [24.937647, 60.18558], [24.933965, 60.185064], [24.932653, 60.184907], [24.932381, 60.184855], [24.932199, 60.184802], [24.931905, 60.184659], [24.931851, 60.184589], [24.931813, 60.184518], [24.931588, 60.183963], [24.931386, 60.183417], [24.931254, 60.18322], [24.93107, 60.183078], [24.930815, 60.182981], [24.929869, 60.182694], [24.929251, 60.182498], [24.927724, 60.182006], [24.927369, 60.181858], [24.926633, 60.181525], [24.924714, 60.180734], [24.92444, 60.180574], [24.924329, 60.180485], [24.923662, 60.179835], [24.923456, 60.179558], [24.923289, 60.179389], [24.923089, 60.179318], [24.922889, 60.179248], [24.922742, 60.179141], [24.922701, 60.178989], [24.922733, 60.178836], [24.922657, 60.178585], [24.922551, 60.178128], [24.922325, 60.177151], [24.922127, 60.176498], [24.921873, 60.175643], [24.921823, 60.175324], [24.922027, 60.174874], [24.922086, 60.174406], [24.922371, 60.173651], [24.922731, 60.17302], [24.923532, 60.172036], [24.92383, 60.171729], [24.924219, 60.17143], [24.924472, 60.171334], [24.92454, 60.171302], [24.924593, 60.171283], [24.924737, 60.171264], [24.924827, 60.171264], [24.925241, 60.171252], [24.926277, 60.171223], [24.92742, 60.171219], [24.92883, 60.17015], [24.929107, 60.169951], [24.929912, 60.170187], [24.930367, 60.170327], [24.930861, 60.169965], [24.931389, 60.169521], [24.931689, 60.169322], [24.931089, 60.169129], [24.930525, 60.168935], [24.930416, 60.168891], [24.930936, 60.168806]]}}, {"type": "Feature", "properties": {"shape_id": "1073_20260107_1", "route_short_name": "73", "route_long_name": "Hakaniemi-Malmi-Puistolan as.-Ala-Tikkurila", "route_type": "701", "color": "#2ca02c", "point_count": 466}, "geometry": {"type": "LineString", "coordinates": [[24.952179, 60.179378], [24.952196, 60.179508], [24.952182, 60.179642], [24.952154, 60.179939], [24.952138, 60.180002], [24.952086, 60.180047], [24.951626, 60.180346], [24.951522, 60.180383], [24.952356, 60.180682], [24.95558, 60.181844], [24.95609, 60.182028], [24.956436, 60.182161], [24.956856, 60.182373], [24.957076, 60.182497], [24.957531, 60.182733], [24.957882, 60.182922], [24.95843, 60.183187], [24.958928, 60.183579], [24.959923, 60.184326], [24.960273, 60.184575], [24.960697, 60.184913], [24.961147, 60.185493], [24.961302, 60.18586], [24.961431, 60.186577], [24.961554, 60.187088], [24.961612, 60.187222], [24.961724, 60.187347], [24.961817, 60.187445], [24.961909, 60.187507], [24.961988, 60.187553], [24.962309, 60.18763], [24.962817, 60.187743], [24.963035, 60.187813], [24.963201, 60.187881], [24.963382, 60.187972], [24.963511, 60.18807], [24.963586, 60.188141], [24.96368, 60.188293], [24.963794, 60.188499], [24.963845, 60.188614], [24.963965, 60.188812], [24.964308, 60.189447], [24.964402, 60.189684], [24.964517, 60.189804], [24.964661, 60.190422], [24.964685, 60.191248], [24.964735, 60.192612], [24.96477, 60.192917], [24.964777, 60.193132], [24.964744, 60.193231], [24.964554, 60.193529], [24.964416, 60.193718], [24.964206, 60.193944], [24.96323, 60.195091], [24.963127, 60.195253], [24.962675, 60.196259], [24.962673, 60.19637], [24.962282, 60.197216], [24.962081, 60.197747], [24.961924, 60.198414], [24.961756, 60.198943], [24.961782, 60.19923], [24.961825, 60.199463], [24.961903, 60.199678], [24.962059, 60.200054], [24.962136, 60.200233], [24.962213, 60.200394], [24.962289, 60.200519], [24.962589, 60.20093], [24.962721, 60.2011], [24.962944, 60.201349], [24.96339, 60.201804], [24.963871, 60.202213], [24.964075, 60.202382], [24.965089, 60.203138], [24.965236, 60.203244], [24.965366, 60.203387], [24.965609, 60.203654], [24.965665, 60.203735], [24.965964, 60.204074], [24.966264, 60.204484], [24.966641, 60.20502], [24.966793, 60.205279], [24.966792, 60.20527], [24.967152, 60.205852], [24.967437, 60.206335], [24.968054, 60.207686], [24.968175, 60.208125], [24.968396, 60.208904], [24.96855, 60.209244], [24.968631, 60.20953], [24.968671, 60.209674], [24.968678, 60.209916], [24.968667, 60.210149], [24.968673, 60.210347], [24.968695, 60.21049], [24.968755, 60.210687], [24.96885, 60.210848], [24.969224, 60.211294], [24.969897, 60.212097], [24.970419, 60.212668], [24.970773, 60.213069], [24.971164, 60.21347], [24.97207, 60.214217], [24.973928, 60.216017], [24.974448, 60.216533], [24.974948, 60.216979], [24.975428, 60.217334], [24.975944, 60.217707], [24.976496, 60.218071], [24.977343, 60.218621], [24.977748, 60.218897], [24.978721, 60.219464], [24.979069, 60.21964], [24.979876, 60.220075], [24.980388, 60.220322], [24.980919, 60.220579], [24.981559, 60.22087], [24.982418, 60.221214], [24.983384, 60.221558], [24.98415, 60.221812], [24.98506, 60.222084], [24.985514, 60.222197], [24.987059, 60.222571], [24.988767, 60.222962], [24.990493, 60.223362], [24.991712, 60.223685], [24.99255, 60.223939], [24.993826, 60.224361], [24.994848, 60.224739], [24.995853, 60.225153], [24.996566, 60.225462], [24.997499, 60.225895], [24.99814, 60.226195], [24.998707, 60.226451], [24.999401, 60.226715], [24.999821, 60.226883], [25.000095, 60.226979], [25.000733, 60.22719], [25.001115, 60.227304], [25.001896, 60.227459], [25.003058, 60.227702], [25.00382, 60.227822], [25.004201, 60.227882], [25.005251, 60.227999], [25.006083, 60.228074], [25.00668, 60.228114], [25.00771, 60.228151], [25.009298, 60.228175], [25.010327, 60.228177], [25.011085, 60.228171], [25.01177, 60.228148], [25.01181, 60.228291], [25.011814, 60.22839], [25.011772, 60.228628], [25.011735, 60.228759], [25.011614, 60.228948], [25.011456, 60.229093], [25.011156, 60.22932], [25.010891, 60.229492], [25.010538, 60.229737], [25.010344, 60.2299], [25.010152, 60.230099], [25.010049, 60.23027], [25.010019, 60.230468], [25.010011, 60.230809], [25.010033, 60.230917], [25.010056, 60.231069], [25.010133, 60.231239], [25.010209, 60.231355], [25.010321, 60.231471], [25.01058, 60.231676], [25.011262, 60.232137], [25.01174, 60.232448], [25.012549, 60.232899], [25.012788, 60.233059], [25.013136, 60.233227], [25.013702, 60.233438], [25.014413, 60.233657], [25.014872, 60.233896], [25.015801, 60.234185], [25.016856, 60.234437], [25.018597, 60.23472], [25.019849, 60.234908], [25.02012, 60.234941], [25.02052, 60.23501], [25.020848, 60.235115], [25.021067, 60.235194], [25.021324, 60.235336], [25.021491, 60.235469], [25.021695, 60.235656], [25.021771, 60.235772], [25.021961, 60.236085], [25.022039, 60.236255], [25.022102, 60.236542], [25.02209, 60.236748], [25.022093, 60.236838], [25.022047, 60.23709], [25.021996, 60.237189], [25.021963, 60.237297], [25.021792, 60.237594], [25.021654, 60.237811], [25.021517, 60.238036], [25.021187, 60.238452], [25.021137, 60.238605], [25.021074, 60.238883], [25.021066, 60.239197], [25.021094, 60.239547], [25.021015, 60.239889], [25.020863, 60.240146], [25.020879, 60.240159], [25.020723, 60.240394], [25.020531, 60.240602], [25.020272, 60.240999], [25.020137, 60.241287], [25.02012, 60.241341], [25.02009, 60.241539], [25.020075, 60.241629], [25.020077, 60.241682], [25.020049, 60.241943], [25.020037, 60.24214], [25.019168, 60.242316], [25.018728, 60.242411], [25.018315, 60.242495], [25.017688, 60.242643], [25.016218, 60.242978], [25.015754, 60.243152], [25.015559, 60.24327], [25.015351, 60.243405], [25.014641, 60.24395], [25.01408, 60.244502], [25.013019, 60.24521], [25.012488, 60.245555], [25.012329, 60.245673], [25.01217, 60.245809], [25.01203, 60.245972], [25.011928, 60.246161], [25.011897, 60.246341], [25.011783, 60.246719], [25.011699, 60.246926], [25.011648, 60.247025], [25.011613, 60.247079], [25.011234, 60.247516], [25.011144, 60.247657], [25.010951, 60.247838], [25.01019, 60.248355], [25.009713, 60.248691], [25.009412, 60.248873], [25.009113, 60.249153], [25.009027, 60.249271], [25.008959, 60.249424], [25.008823, 60.249694], [25.009005, 60.249738], [25.009115, 60.249791], [25.009207, 60.249853], [25.009319, 60.24996], [25.009308, 60.249967], [25.009415, 60.250138], [25.009418, 60.250246], [25.009368, 60.25039], [25.009245, 60.250508], [25.009103, 60.250581], [25.009014, 60.250617], [25.008835, 60.250654], [25.008611, 60.250678], [25.008556, 60.250998], [25.00842, 60.251277], [25.008281, 60.25144], [25.008158, 60.251557], [25.007999, 60.251666], [25.006969, 60.252221], [25.006693, 60.252313], [25.006449, 60.252387], [25.005208, 60.252567], [25.004867, 60.252623], [25.00424, 60.252781], [25.003936, 60.252882], [25.003545, 60.253082], [25.003403, 60.253182], [25.003175, 60.253399], [25.002914, 60.253697], [25.002435, 60.254599], [25.002175, 60.254924], [25.001841, 60.25524], [25.001417, 60.25554], [25.00083, 60.255849], [24.998569, 60.256908], [24.998442, 60.256891], [24.998993, 60.257192], [24.999213, 60.257307], [24.999672, 60.257554], [24.999911, 60.257696], [25.000077, 60.257803], [25.000557, 60.258122], [25.000981, 60.258424], [25.001147, 60.25854], [25.001448, 60.258932], [25.001621, 60.259299], [25.001794, 60.259639], [25.001891, 60.259853], [25.002077, 60.260031], [25.002946, 60.260689], [25.003005, 60.260832], [25.002883, 60.260977], [25.003065, 60.261011], [25.003301, 60.261063], [25.003684, 60.261169], [25.004506, 60.261468], [25.004797, 60.261538], [25.004891, 60.261654], [25.004783, 60.262274], [25.00536, 60.262826], [25.004943, 60.26335], [25.004455, 60.263946], [25.004142, 60.264316], [25.003881, 60.264659], [25.003481, 60.265156], [25.003063, 60.265662], [25.002837, 60.265942], [25.003454, 60.266054], [25.003927, 60.26614], [25.004545, 60.26627], [25.005091, 60.266391], [25.006236, 60.266607], [25.00718, 60.266779], [25.007889, 60.266909], [25.008669, 60.267019], [25.009466, 60.267085], [25.009756, 60.267119], [25.010826, 60.267245], [25.011171, 60.267287], [25.011588, 60.267329], [25.012132, 60.267388], [25.012712, 60.267455], [25.012839, 60.267472], [25.013347, 60.267531], [25.013837, 60.267608], [25.0144, 60.267712], [25.015293, 60.267947], [25.015822, 60.268122], [25.016443, 60.268342], [25.016956, 60.268554], [25.017635, 60.268898], [25.018148, 60.269119], [25.018603, 60.269241], [25.018877, 60.269311], [25.019276, 60.269379], [25.019712, 60.269448], [25.021269, 60.269544], [25.021921, 60.269583], [25.022517, 60.269588], [25.023276, 60.269582], [25.023817, 60.269569], [25.024196, 60.269548], [25.024268, 60.269538], [25.024988, 60.269452], [25.02542, 60.269386], [25.02641, 60.269253], [25.02686, 60.269177], [25.027111, 60.26913], [25.027542, 60.269046], [25.028133, 60.26888], [25.028437, 60.26877], [25.028811, 60.268606], [25.02906, 60.268478], [25.029558, 60.268214], [25.030251, 60.267849], [25.030611, 60.267628], [25.030603, 60.267542], [25.030654, 60.267469], [25.030852, 60.267432], [25.031016, 60.267475], [25.031055, 60.267574], [25.031274, 60.267636], [25.031474, 60.26767], [25.031673, 60.267678], [25.031836, 60.267685], [25.032108, 60.267737], [25.03231, 60.267843], [25.032459, 60.267959], [25.032553, 60.268102], [25.032651, 60.268334], [25.032769, 60.268648], [25.032829, 60.268809], [25.033938, 60.271331], [25.034114, 60.271743], [25.034307, 60.272118], [25.03448, 60.27244], [25.03462, 60.27287], [25.034697, 60.273031], [25.034755, 60.273156], [25.034945, 60.273477], [25.03512, 60.273871], [25.035182, 60.274104], [25.035319, 60.274444], [25.035453, 60.274685], [25.035549, 60.274864], [25.035589, 60.274962], [25.035724, 60.275249], [25.035764, 60.275356], [25.035748, 60.275446], [25.035643, 60.275545], [25.035377, 60.2757], [25.034596, 60.276155], [25.034438, 60.276282], [25.034404, 60.276363], [25.03437, 60.276444], [25.034392, 60.276551], [25.034564, 60.276956], [25.034568, 60.276981], [25.034898, 60.277696], [25.033572, 60.278048], [25.032243, 60.278336], [25.031632, 60.278431], [25.031002, 60.278508], [25.030822, 60.278527], [25.030334, 60.278549], [25.029991, 60.27856], [25.029558, 60.278564], [25.028798, 60.278534], [25.028749, 60.278705], [25.02862, 60.279217], [25.028538, 60.27946], [25.028473, 60.279739], [25.028463, 60.27999], [25.028483, 60.280071], [25.028505, 60.28017], [25.028548, 60.280385], [25.028592, 60.280645], [25.028613, 60.280734], [25.028616, 60.280824], [25.028624, 60.281102], [25.028594, 60.2813], [25.028528, 60.281471], [25.028494, 60.281552], [25.028395, 60.281867], [25.028387, 60.282181], [25.028448, 60.282378], [25.028564, 60.282637], [25.028717, 60.282879], [25.028866, 60.283039], [25.029034, 60.28319], [25.028726, 60.283193], [25.027696, 60.283201], [25.026612, 60.283218], [25.0258, 60.28326], [25.025079, 60.283311], [25.024232, 60.283389], [25.02369, 60.283411], [25.022161, 60.283647], [25.021226, 60.283798], [25.020382, 60.283975], [25.020095, 60.284049], [25.018446, 60.284547], [25.017802, 60.284767], [25.016981, 60.285105], [25.016198, 60.285506], [25.015662, 60.285717], [25.015018, 60.285919], [25.014641, 60.286012], [25.014319, 60.286122], [25.014412, 60.286211], [25.014561, 60.286327], [25.01471, 60.286487], [25.014805, 60.28663], [25.014887, 60.286944]]}}, {"type": "Feature", "properties": {"shape_id": "1073_20260107_2", "route_short_name": "73", "route_long_name": "Hakaniemi-Malmi-Puistolan as.-Ala-Tikkurila", "route_type": "701", "color": "#2ca02c", "point_count": 456}, "geometry": {"type": "LineString", "coordinates": [[25.014887, 60.286944], [25.014962, 60.287042], [25.01511, 60.287139], [25.015164, 60.287121], [25.015326, 60.287102], [25.01549, 60.287136], [25.015526, 60.287154], [25.015584, 60.287252], [25.015514, 60.287352], [25.015335, 60.287389], [25.015281, 60.287389], [25.01508, 60.287346], [25.015023, 60.287239], [25.015092, 60.287139], [25.014962, 60.287042], [25.014887, 60.286935], [25.014805, 60.286639], [25.01471, 60.286487], [25.014561, 60.286327], [25.014412, 60.286211], [25.014319, 60.286122], [25.014097, 60.285953], [25.01339, 60.285312], [25.013296, 60.285188], [25.013221, 60.285098], [25.013088, 60.284884], [25.012972, 60.284651], [25.012874, 60.284401], [25.012963, 60.284346], [25.013125, 60.284327], [25.013599, 60.284304], [25.013992, 60.28433], [25.014446, 60.284398], [25.014664, 60.284432], [25.015009, 60.284483], [25.015444, 60.284507], [25.01586, 60.284513], [25.016311, 60.284482], [25.016833, 60.284424], [25.017139, 60.284377], [25.017481, 60.284312], [25.018165, 60.284181], [25.019944, 60.283871], [25.020806, 60.283676], [25.021633, 60.283517], [25.022676, 60.283347], [25.024062, 60.283166], [25.026832, 60.282723], [25.027732, 60.282599], [25.028758, 60.282465], [25.028955, 60.282428], [25.029224, 60.282345], [25.029401, 60.282236], [25.029523, 60.2821], [25.029518, 60.281939], [25.029443, 60.281832], [25.029221, 60.281681], [25.028965, 60.281593], [25.028494, 60.281552], [25.028594, 60.2813], [25.028624, 60.281102], [25.028617, 60.280866], [25.028548, 60.280385], [25.028484, 60.28008], [25.028463, 60.27999], [25.028473, 60.27973], [25.028538, 60.27946], [25.02862, 60.279208], [25.028798, 60.278534], [25.029123, 60.278549], [25.029558, 60.278564], [25.030046, 60.278569], [25.030352, 60.278549], [25.030822, 60.278527], [25.031002, 60.278508], [25.031632, 60.278431], [25.031722, 60.278412], [25.032243, 60.278336], [25.033572, 60.278048], [25.034468, 60.277807], [25.034898, 60.277696], [25.034431, 60.27665], [25.034431, 60.276641], [25.03439, 60.276489], [25.034402, 60.276309], [25.034578, 60.276155], [25.035377, 60.2757], [25.035643, 60.275545], [25.035748, 60.275446], [25.035764, 60.275365], [25.035724, 60.275249], [25.035647, 60.275097], [25.035607, 60.274989], [25.035549, 60.274864], [25.035453, 60.274685], [25.035319, 60.274444], [25.035182, 60.274104], [25.03512, 60.273871], [25.034945, 60.273477], [25.034755, 60.273156], [25.034697, 60.273031], [25.03462, 60.27287], [25.03458, 60.272753], [25.03448, 60.27244], [25.034114, 60.271743], [25.034016, 60.27151], [25.033939, 60.27134], [25.033938, 60.271304], [25.032751, 60.26863], [25.032651, 60.268334], [25.032555, 60.268138], [25.032459, 60.267959], [25.03231, 60.267843], [25.032108, 60.267737], [25.031836, 60.267685], [25.031673, 60.267678], [25.031474, 60.26767], [25.030969, 60.267691], [25.030787, 60.267675], [25.030611, 60.267628], [25.030251, 60.267849], [25.029806, 60.268077], [25.02906, 60.268478], [25.028829, 60.268605], [25.028455, 60.26877], [25.028133, 60.26888], [25.027542, 60.269046], [25.027111, 60.26913], [25.026842, 60.269186], [25.026392, 60.269253], [25.024988, 60.269452], [25.024268, 60.269538], [25.024196, 60.269548], [25.023817, 60.269569], [25.023474, 60.269571], [25.023276, 60.269582], [25.022517, 60.269588], [25.021921, 60.269583], [25.021269, 60.269544], [25.01982, 60.269447], [25.019712, 60.269448], [25.01924, 60.26938], [25.018877, 60.269311], [25.018603, 60.269241], [25.018148, 60.269119], [25.017617, 60.26889], [25.016919, 60.268545], [25.016443, 60.268342], [25.01522, 60.267921], [25.014673, 60.267772], [25.013339, 60.267529], [25.012766, 60.267464], [25.010844, 60.267245], [25.009466, 60.267085], [25.009195, 60.26706], [25.008669, 60.267019], [25.007889, 60.266909], [25.007544, 60.266848], [25.00718, 60.266779], [25.006236, 60.266607], [25.005091, 60.266391], [25.004545, 60.26627], [25.003927, 60.26614], [25.003454, 60.266054], [25.002837, 60.265942], [25.003046, 60.265698], [25.003481, 60.265156], [25.003881, 60.264659], [25.004142, 60.264316], [25.004559, 60.263801], [25.004943, 60.26335], [25.00536, 60.262826], [25.004783, 60.262274], [25.004891, 60.261654], [25.004797, 60.261538], [25.004506, 60.261468], [25.003976, 60.261266], [25.003702, 60.261169], [25.003065, 60.261011], [25.002883, 60.260977], [25.003005, 60.260832], [25.002946, 60.260689], [25.002077, 60.260031], [25.001891, 60.259853], [25.001794, 60.259639], [25.001677, 60.259352], [25.001448, 60.258932], [25.001147, 60.25854], [25.000981, 60.258424], [25.000797, 60.258291], [25.000557, 60.258122], [25.000077, 60.257803], [24.999911, 60.257696], [24.999672, 60.257554], [24.999213, 60.257307], [24.998442, 60.256891], [24.999433, 60.256406], [25.000899, 60.255741], [25.001308, 60.255532], [25.001916, 60.255013], [25.002272, 60.254564], [25.002973, 60.253383], [25.003257, 60.253129], [25.003375, 60.253035], [25.003861, 60.252793], [25.004415, 60.252618], [25.004918, 60.252515], [25.005224, 60.252468], [25.005475, 60.252421], [25.006517, 60.252252], [25.006822, 60.252151], [25.007235, 60.251937], [25.008031, 60.251531], [25.008225, 60.251368], [25.00833, 60.25126], [25.008399, 60.25116], [25.008467, 60.251025], [25.008611, 60.250678], [25.008763, 60.250664], [25.009032, 60.250608], [25.009174, 60.250535], [25.009297, 60.250427], [25.009383, 60.250273], [25.00938, 60.250193], [25.009394, 60.250049], [25.0093, 60.249942], [25.009225, 60.249862], [25.009005, 60.249747], [25.008823, 60.249694], [25.008923, 60.249415], [25.009027, 60.249271], [25.009131, 60.249135], [25.009236, 60.249045], [25.009483, 60.248845], [25.009748, 60.248664], [25.010067, 60.248464], [25.01019, 60.248355], [25.01085, 60.247779], [25.011389, 60.247248], [25.011697, 60.246881], [25.011731, 60.2468], [25.011799, 60.246656], [25.011897, 60.246332], [25.011928, 60.246152], [25.01203, 60.245972], [25.01217, 60.2458], [25.012382, 60.245637], [25.0127, 60.245419], [25.013214, 60.245083], [25.013603, 60.244829], [25.013921, 60.244611], [25.014254, 60.244276], [25.014675, 60.243878], [25.015364, 60.243381], [25.015559, 60.24327], [25.015754, 60.243152], [25.016218, 60.242978], [25.017688, 60.242643], [25.018315, 60.242495], [25.018218, 60.242508], [25.018942, 60.242346], [25.019247, 60.242272], [25.020037, 60.24214], [25.020049, 60.241943], [25.020077, 60.241682], [25.020075, 60.241629], [25.02009, 60.241539], [25.02012, 60.241341], [25.020137, 60.241287], [25.020272, 60.240999], [25.020531, 60.240602], [25.02093, 60.240069], [25.021014, 60.239871], [25.021094, 60.239547], [25.021066, 60.239197], [25.021073, 60.238874], [25.021137, 60.238596], [25.021204, 60.238442], [25.021517, 60.238036], [25.021621, 60.237901], [25.021654, 60.237811], [25.021826, 60.237531], [25.021962, 60.237279], [25.022047, 60.237099], [25.022093, 60.236838], [25.022102, 60.236542], [25.022039, 60.236255], [25.021961, 60.236085], [25.021866, 60.235942], [25.021771, 60.235772], [25.021695, 60.235647], [25.021472, 60.23546], [25.021306, 60.235336], [25.021067, 60.235194], [25.020848, 60.235115], [25.020502, 60.23501], [25.019849, 60.234908], [25.016856, 60.234437], [25.015801, 60.234185], [25.014872, 60.233896], [25.014395, 60.233657], [25.013684, 60.233438], [25.013136, 60.233218], [25.012788, 60.233059], [25.012715, 60.233015], [25.01174, 60.232448], [25.011227, 60.232191], [25.01089, 60.231995], [25.010601, 60.231774], [25.010249, 60.231499], [25.010118, 60.231356], [25.009985, 60.231115], [25.009903, 60.230801], [25.009896, 60.230577], [25.010049, 60.23027], [25.010116, 60.230117], [25.010519, 60.22971], [25.010891, 60.229492], [25.010027, 60.229255], [25.009453, 60.229099], [25.009053, 60.228995], [25.008199, 60.228812], [25.007692, 60.228735], [25.007438, 60.228701], [25.006442, 60.228601], [25.005989, 60.228541], [25.005537, 60.228491], [25.00463, 60.228345], [25.004085, 60.228241], [25.003668, 60.228164], [25.003396, 60.228112], [25.002412, 60.227831], [25.00254, 60.227867], [25.001576, 60.227632], [25.000574, 60.227326], [24.999936, 60.227106], [24.99917, 60.226834], [24.998731, 60.226657], [24.998457, 60.226552], [24.997854, 60.226287], [24.99725, 60.226022], [24.996335, 60.225589], [24.99564, 60.225281], [24.99469, 60.224884], [24.993649, 60.224497], [24.992446, 60.224093], [24.991499, 60.223813], [24.990227, 60.22349], [24.989427, 60.22329], [24.988627, 60.223107], [24.98692, 60.222725], [24.985339, 60.222351], [24.983974, 60.221966], [24.98319, 60.221712], [24.982187, 60.221359], [24.981329, 60.220997], [24.980688, 60.220706], [24.980139, 60.220441], [24.979168, 60.219936], [24.978672, 60.219657], [24.977129, 60.218731], [24.976228, 60.218163], [24.975659, 60.217808], [24.975142, 60.217435], [24.97444, 60.216884], [24.97102, 60.21348], [24.970648, 60.213097], [24.970457, 60.212721], [24.969916, 60.212115], [24.969224, 60.211294], [24.96885, 60.210848], [24.968755, 60.210687], [24.968695, 60.21049], [24.968673, 60.210347], [24.968667, 60.210149], [24.968678, 60.209916], [24.968671, 60.209674], [24.968631, 60.20953], [24.96855, 60.209244], [24.968396, 60.208904], [24.968054, 60.207686], [24.967708, 60.206961], [24.967437, 60.206335], [24.967152, 60.205852], [24.966792, 60.20527], [24.966793, 60.205279], [24.966641, 60.20502], [24.966264, 60.204484], [24.965815, 60.203922], [24.965609, 60.203654], [24.965366, 60.203387], [24.965236, 60.203244], [24.965089, 60.203138], [24.964683, 60.202826], [24.964075, 60.202382], [24.963779, 60.202133], [24.96339, 60.201804], [24.963223, 60.201634], [24.962945, 60.201358], [24.962796, 60.201198], [24.96259, 60.200948], [24.962308, 60.200546], [24.962117, 60.200206], [24.962021, 60.199992], [24.961825, 60.199446], [24.96178, 60.199141], [24.961756, 60.198943], [24.961629, 60.198195], [24.961824, 60.197579], [24.962135, 60.197119], [24.962149, 60.196957], [24.962437, 60.196335], [24.962788, 60.19551], [24.963048, 60.195048], [24.964216, 60.193666], [24.964337, 60.193494], [24.964539, 60.193017], [24.96457, 60.192846], [24.964487, 60.191676], [24.964438, 60.19081], [24.964431, 60.190568], [24.964248, 60.189878], [24.964081, 60.189481], [24.963453, 60.188355], [24.963389, 60.188206], [24.963279, 60.188126], [24.963041, 60.188002], [24.962786, 60.187905], [24.962481, 60.187822], [24.962113, 60.187712], [24.961913, 60.187651], [24.961758, 60.187582], [24.961601, 60.187474], [24.961453, 60.18734], [24.96134, 60.187161], [24.961277, 60.186857], [24.96113, 60.186158], [24.960989, 60.185629], [24.960799, 60.185307], [24.960501, 60.184968], [24.959966, 60.18455], [24.958951, 60.183758], [24.958306, 60.183269], [24.956895, 60.182566], [24.956442, 60.182367], [24.955785, 60.182076], [24.954109, 60.181459], [24.95227, 60.180799], [24.951345, 60.18045], [24.950266, 60.18006], [24.950138, 60.179998], [24.950028, 60.179918], [24.949935, 60.179838], [24.949842, 60.17974], [24.949854, 60.179533], [24.949886, 60.179233]]}}, {"type": "Feature", "properties": {"shape_id": "1073N_20251103_1", "route_short_name": "73N", "route_long_name": "Rautatientori-Malmi-Puistolan asema-Ala-Tikkurila", "route_type": "701", "color": "#1b5e20", "point_count": 516}, "geometry": {"type": "LineString", "coordinates": [[24.942859, 60.171333], [24.942893, 60.1712], [24.942891, 60.171077], [24.942938, 60.170885], [24.943267, 60.170736], [24.943954, 60.170447], [24.94413, 60.170386], [24.944367, 60.1704], [24.944493, 60.170426], [24.944747, 60.170487], [24.945184, 60.170627], [24.945493, 60.170742], [24.946675, 60.17111], [24.947203, 60.171304], [24.947368, 60.171392], [24.947496, 60.171481], [24.947572, 60.171615], [24.947667, 60.171776], [24.947797, 60.171928], [24.948093, 60.172195], [24.948537, 60.172587], [24.948778, 60.172809], [24.949331, 60.173236], [24.949607, 60.173468], [24.9497, 60.173575], [24.94992, 60.173735], [24.950121, 60.173823], [24.950213, 60.173876], [24.950304, 60.173929], [24.950416, 60.174063], [24.950437, 60.174135], [24.950409, 60.174162], [24.95046, 60.174323], [24.950431, 60.174566], [24.950405, 60.174916], [24.95039, 60.175015], [24.950376, 60.175158], [24.950325, 60.175868], [24.950224, 60.176757], [24.950189, 60.176883], [24.95023, 60.176964], [24.950189, 60.177413], [24.950152, 60.177978], [24.950227, 60.178086], [24.950319, 60.178157], [24.950411, 60.178237], [24.950629, 60.178374], [24.950687, 60.178432], [24.950707, 60.178477], [24.950661, 60.178765], [24.950651, 60.178817], [24.9506, 60.179308], [24.95059, 60.179438], [24.950557, 60.179681], [24.950551, 60.17995], [24.950589, 60.180031], [24.950699, 60.180093], [24.951191, 60.180269], [24.951522, 60.180383], [24.952356, 60.180682], [24.95558, 60.181844], [24.95609, 60.182028], [24.956436, 60.182161], [24.956856, 60.182373], [24.957076, 60.182497], [24.957531, 60.182733], [24.957882, 60.182922], [24.95843, 60.183187], [24.958928, 60.183579], [24.959923, 60.184326], [24.960273, 60.184575], [24.960697, 60.184913], [24.961147, 60.185493], [24.961302, 60.18586], [24.961431, 60.186577], [24.961554, 60.187088], [24.961612, 60.187222], [24.961724, 60.187347], [24.961817, 60.187445], [24.961909, 60.187507], [24.961988, 60.187553], [24.962309, 60.18763], [24.962817, 60.187743], [24.963035, 60.187813], [24.963201, 60.187881], [24.963382, 60.187972], [24.963511, 60.18807], [24.963586, 60.188141], [24.96368, 60.188293], [24.963794, 60.188499], [24.963845, 60.188614], [24.963965, 60.188812], [24.964308, 60.189447], [24.964402, 60.189684], [24.964517, 60.189804], [24.964661, 60.190422], [24.964685, 60.191248], [24.964735, 60.192612], [24.96477, 60.192917], [24.964777, 60.193132], [24.964744, 60.193231], [24.964554, 60.193529], [24.964416, 60.193718], [24.964206, 60.193944], [24.96323, 60.195091], [24.963127, 60.195253], [24.962675, 60.196259], [24.962673, 60.19637], [24.962282, 60.197216], [24.962081, 60.197747], [24.961924, 60.198414], [24.961756, 60.198943], [24.961782, 60.19923], [24.961825, 60.199463], [24.961903, 60.199678], [24.962059, 60.200054], [24.962136, 60.200233], [24.962213, 60.200394], [24.962289, 60.200519], [24.962589, 60.20093], [24.962721, 60.2011], [24.962944, 60.201349], [24.96339, 60.201804], [24.963871, 60.202213], [24.964075, 60.202382], [24.965089, 60.203138], [24.965236, 60.203244], [24.965366, 60.203387], [24.965609, 60.203654], [24.965665, 60.203735], [24.965964, 60.204074], [24.966264, 60.204484], [24.966641, 60.20502], [24.966793, 60.205279], [24.966792, 60.20527], [24.967152, 60.205852], [24.967437, 60.206335], [24.968054, 60.207686], [24.968175, 60.208125], [24.968396, 60.208904], [24.96855, 60.209244], [24.968631, 60.20953], [24.968671, 60.209674], [24.968678, 60.209916], [24.968667, 60.210149], [24.968673, 60.210347], [24.968695, 60.21049], [24.968755, 60.210687], [24.96885, 60.210848], [24.969224, 60.211294], [24.969897, 60.212097], [24.970419, 60.212668], [24.970773, 60.213069], [24.971164, 60.21347], [24.97207, 60.214217], [24.973928, 60.216017], [24.974448, 60.216533], [24.974948, 60.216979], [24.975428, 60.217334], [24.975944, 60.217707], [24.976496, 60.218071], [24.977343, 60.218621], [24.977748, 60.218897], [24.978721, 60.219464], [24.979069, 60.21964], [24.979876, 60.220075], [24.980388, 60.220322], [24.980919, 60.220579], [24.981559, 60.22087], [24.982418, 60.221214], [24.983384, 60.221558], [24.98415, 60.221812], [24.98506, 60.222084], [24.985514, 60.222197], [24.987059, 60.222571], [24.988767, 60.222962], [24.990493, 60.223362], [24.991712, 60.223685], [24.99255, 60.223939], [24.993826, 60.224361], [24.994848, 60.224739], [24.995853, 60.225153], [24.996566, 60.225462], [24.997499, 60.225895], [24.99814, 60.226195], [24.998707, 60.226451], [24.999401, 60.226715], [24.999821, 60.226883], [25.000095, 60.226979], [25.000733, 60.22719], [25.001115, 60.227304], [25.001896, 60.227459], [25.003058, 60.227702], [25.00382, 60.227822], [25.004201, 60.227882], [25.005251, 60.227999], [25.006083, 60.228074], [25.00668, 60.228114], [25.00771, 60.228151], [25.009298, 60.228175], [25.010327, 60.228177], [25.011085, 60.228171], [25.01177, 60.228148], [25.01181, 60.228291], [25.011814, 60.22839], [25.011772, 60.228628], [25.011735, 60.228759], [25.011614, 60.228948], [25.011456, 60.229093], [25.011156, 60.22932], [25.010891, 60.229492], [25.010538, 60.229737], [25.010344, 60.2299], [25.010152, 60.230099], [25.010049, 60.23027], [25.010019, 60.230468], [25.010011, 60.230809], [25.010033, 60.230917], [25.010056, 60.231069], [25.010133, 60.231239], [25.010209, 60.231355], [25.010321, 60.231471], [25.01058, 60.231676], [25.011262, 60.232137], [25.01174, 60.232448], [25.012549, 60.232899], [25.012788, 60.233059], [25.013136, 60.233227], [25.013702, 60.233438], [25.014413, 60.233657], [25.014872, 60.233896], [25.015801, 60.234185], [25.016856, 60.234437], [25.018597, 60.23472], [25.019849, 60.234908], [25.02012, 60.234941], [25.02052, 60.23501], [25.020848, 60.235115], [25.021067, 60.235194], [25.021324, 60.235336], [25.021491, 60.235469], [25.021695, 60.235656], [25.021771, 60.235772], [25.021961, 60.236085], [25.022039, 60.236255], [25.022102, 60.236542], [25.02209, 60.236748], [25.022093, 60.236838], [25.022047, 60.23709], [25.021996, 60.237189], [25.021963, 60.237297], [25.021792, 60.237594], [25.021654, 60.237811], [25.021517, 60.238036], [25.021187, 60.238452], [25.021137, 60.238605], [25.021074, 60.238883], [25.021066, 60.239197], [25.021094, 60.239547], [25.021015, 60.239889], [25.020863, 60.240146], [25.020879, 60.240159], [25.020723, 60.240394], [25.020531, 60.240602], [25.020272, 60.240999], [25.020137, 60.241287], [25.02012, 60.241341], [25.02009, 60.241539], [25.020075, 60.241629], [25.020077, 60.241682], [25.020049, 60.241943], [25.020037, 60.24214], [25.019168, 60.242316], [25.018728, 60.242411], [25.018315, 60.242495], [25.017688, 60.242643], [25.016218, 60.242978], [25.015754, 60.243152], [25.015559, 60.24327], [25.015351, 60.243405], [25.014641, 60.24395], [25.01408, 60.244502], [25.013019, 60.24521], [25.012488, 60.245555], [25.012329, 60.245673], [25.01217, 60.245809], [25.01203, 60.245972], [25.011928, 60.246161], [25.011897, 60.246341], [25.011783, 60.246719], [25.011699, 60.246926], [25.011648, 60.247025], [25.011613, 60.247079], [25.011234, 60.247516], [25.011144, 60.247657], [25.010951, 60.247838], [25.01019, 60.248355], [25.009713, 60.248691], [25.009412, 60.248873], [25.009113, 60.249153], [25.009027, 60.249271], [25.008959, 60.249424], [25.008823, 60.249694], [25.009005, 60.249738], [25.009115, 60.249791], [25.009207, 60.249853], [25.009319, 60.24996], [25.009308, 60.249967], [25.009415, 60.250138], [25.009418, 60.250246], [25.009368, 60.25039], [25.009245, 60.250508], [25.009103, 60.250581], [25.009014, 60.250617], [25.008835, 60.250654], [25.008611, 60.250678], [25.008556, 60.250998], [25.00842, 60.251277], [25.008281, 60.25144], [25.008158, 60.251557], [25.007999, 60.251666], [25.006969, 60.252221], [25.006693, 60.252313], [25.006449, 60.252387], [25.005208, 60.252567], [25.004867, 60.252623], [25.00424, 60.252781], [25.003936, 60.252882], [25.003545, 60.253082], [25.003403, 60.253182], [25.003175, 60.253399], [25.002914, 60.253697], [25.002435, 60.254599], [25.002175, 60.254924], [25.001841, 60.25524], [25.001417, 60.25554], [25.00083, 60.255849], [24.998569, 60.256908], [24.998442, 60.256891], [24.998993, 60.257192], [24.999213, 60.257307], [24.999672, 60.257554], [24.999911, 60.257696], [25.000077, 60.257803], [25.000557, 60.258122], [25.000981, 60.258424], [25.001147, 60.25854], [25.001448, 60.258932], [25.001621, 60.259299], [25.001794, 60.259639], [25.001891, 60.259853], [25.002077, 60.260031], [25.002946, 60.260689], [25.003005, 60.260832], [25.002883, 60.260977], [25.003065, 60.261011], [25.003301, 60.261063], [25.003684, 60.261169], [25.004506, 60.261468], [25.004797, 60.261538], [25.004891, 60.261654], [25.004783, 60.262274], [25.00536, 60.262826], [25.004943, 60.26335], [25.004455, 60.263946], [25.004142, 60.264316], [25.003881, 60.264659], [25.003481, 60.265156], [25.003063, 60.265662], [25.002837, 60.265942], [25.003454, 60.266054], [25.003927, 60.26614], [25.004545, 60.26627], [25.005091, 60.266391], [25.006236, 60.266607], [25.00718, 60.266779], [25.007889, 60.266909], [25.008669, 60.267019], [25.009466, 60.267085], [25.009756, 60.267119], [25.010826, 60.267245], [25.011171, 60.267287], [25.011588, 60.267329], [25.012132, 60.267388], [25.012712, 60.267455], [25.012839, 60.267472], [25.013347, 60.267531], [25.013837, 60.267608], [25.0144, 60.267712], [25.015293, 60.267947], [25.015822, 60.268122], [25.016443, 60.268342], [25.016956, 60.268554], [25.017635, 60.268898], [25.018148, 60.269119], [25.018603, 60.269241], [25.018877, 60.269311], [25.019276, 60.269379], [25.019712, 60.269448], [25.021269, 60.269544], [25.021921, 60.269583], [25.022517, 60.269588], [25.023276, 60.269582], [25.023817, 60.269569], [25.024196, 60.269548], [25.024268, 60.269538], [25.024988, 60.269452], [25.02542, 60.269386], [25.02641, 60.269253], [25.02686, 60.269177], [25.027111, 60.26913], [25.027542, 60.269046], [25.028133, 60.26888], [25.028437, 60.26877], [25.028811, 60.268606], [25.02906, 60.268478], [25.029558, 60.268214], [25.030251, 60.267849], [25.030611, 60.267628], [25.030603, 60.267542], [25.030654, 60.267469], [25.030852, 60.267432], [25.031016, 60.267475], [25.031055, 60.267574], [25.031274, 60.267636], [25.031474, 60.26767], [25.031673, 60.267678], [25.031836, 60.267685], [25.032108, 60.267737], [25.03231, 60.267843], [25.032459, 60.267959], [25.032553, 60.268102], [25.032651, 60.268334], [25.032769, 60.268648], [25.032829, 60.268809], [25.033938, 60.271331], [25.034114, 60.271743], [25.034307, 60.272118], [25.03448, 60.27244], [25.03462, 60.27287], [25.034697, 60.273031], [25.034755, 60.273156], [25.034945, 60.273477], [25.03512, 60.273871], [25.035182, 60.274104], [25.035319, 60.274444], [25.035453, 60.274685], [25.035549, 60.274864], [25.035589, 60.274962], [25.035724, 60.275249], [25.035764, 60.275356], [25.035748, 60.275446], [25.035643, 60.275545], [25.035377, 60.2757], [25.034596, 60.276155], [25.034438, 60.276282], [25.034404, 60.276363], [25.03437, 60.276444], [25.034392, 60.276551], [25.034564, 60.276956], [25.034898, 60.277696], [25.033572, 60.278048], [25.032243, 60.278336], [25.031632, 60.278431], [25.031002, 60.278508], [25.030822, 60.278527], [25.030334, 60.278549], [25.029991, 60.27856], [25.029558, 60.278564], [25.028798, 60.278534], [25.028749, 60.278705], [25.02862, 60.279217], [25.028538, 60.27946], [25.028473, 60.279739], [25.028463, 60.27999], [25.028483, 60.280071], [25.028505, 60.28017], [25.028548, 60.280385], [25.028592, 60.280645], [25.028613, 60.280734], [25.028616, 60.280824], [25.028624, 60.281102], [25.028594, 60.2813], [25.028528, 60.281471], [25.028494, 60.281552], [25.028395, 60.281867], [25.028387, 60.282181], [25.028448, 60.282378], [25.028564, 60.282637], [25.028717, 60.282879], [25.028866, 60.283039], [25.029034, 60.28319], [25.028726, 60.283193], [25.027696, 60.283201], [25.026612, 60.283218], [25.0258, 60.28326], [25.025079, 60.283311], [25.024232, 60.283389], [25.02369, 60.283411], [25.022161, 60.283647], [25.021226, 60.283798], [25.020382, 60.283975], [25.020095, 60.284049], [25.018446, 60.284547], [25.017802, 60.284767], [25.016981, 60.285105], [25.016198, 60.285506], [25.015662, 60.285717], [25.015018, 60.285919], [25.014641, 60.286012], [25.014319, 60.286122], [25.014412, 60.286211], [25.014561, 60.286327], [25.01471, 60.286487], [25.014805, 60.28663], [25.014887, 60.286944]]}}, {"type": "Feature", "properties": {"shape_id": "1073N_20251103_2", "route_short_name": "73N", "route_long_name": "Rautatientori-Malmi-Puistolan asema-Ala-Tikkurila", "route_type": "701", "color": "#1b5e20", "point_count": 492}, "geometry": {"type": "LineString", "coordinates": [[25.014887, 60.286944], [25.014962, 60.287042], [25.01511, 60.287139], [25.015164, 60.287121], [25.015326, 60.287102], [25.01549, 60.287136], [25.015526, 60.287154], [25.015584, 60.287252], [25.015514, 60.287352], [25.015335, 60.287389], [25.015281, 60.287389], [25.01508, 60.287346], [25.015023, 60.287239], [25.015092, 60.287139], [25.014962, 60.287042], [25.014887, 60.286935], [25.014805, 60.286639], [25.01471, 60.286487], [25.014561, 60.286327], [25.014412, 60.286211], [25.014319, 60.286122], [25.014097, 60.285953], [25.01339, 60.285312], [25.013296, 60.285188], [25.013221, 60.285098], [25.013088, 60.284884], [25.012972, 60.284651], [25.012874, 60.284401], [25.012963, 60.284346], [25.013125, 60.284327], [25.013599, 60.284304], [25.013992, 60.28433], [25.014446, 60.284398], [25.014664, 60.284432], [25.015009, 60.284483], [25.015444, 60.284507], [25.01586, 60.284513], [25.016311, 60.284482], [25.016833, 60.284424], [25.017139, 60.284377], [25.017481, 60.284312], [25.018165, 60.284181], [25.019944, 60.283871], [25.020806, 60.283676], [25.021633, 60.283517], [25.022676, 60.283347], [25.024062, 60.283166], [25.026832, 60.282723], [25.027732, 60.282599], [25.028758, 60.282465], [25.028955, 60.282428], [25.029224, 60.282345], [25.029401, 60.282236], [25.029523, 60.2821], [25.029518, 60.281939], [25.029443, 60.281832], [25.029221, 60.281681], [25.028965, 60.281593], [25.028494, 60.281552], [25.028594, 60.2813], [25.028624, 60.281102], [25.028617, 60.280866], [25.028548, 60.280385], [25.028484, 60.28008], [25.028463, 60.27999], [25.028473, 60.27973], [25.028538, 60.27946], [25.02862, 60.279208], [25.028798, 60.278534], [25.029123, 60.278549], [25.029558, 60.278564], [25.030046, 60.278569], [25.030352, 60.278549], [25.030822, 60.278527], [25.031002, 60.278508], [25.031632, 60.278431], [25.031722, 60.278412], [25.032243, 60.278336], [25.033572, 60.278048], [25.034468, 60.277807], [25.034898, 60.277696], [25.034431, 60.27665], [25.034431, 60.276641], [25.03439, 60.276489], [25.034402, 60.276309], [25.034578, 60.276155], [25.035377, 60.2757], [25.035643, 60.275545], [25.035748, 60.275446], [25.035764, 60.275365], [25.035724, 60.275249], [25.035647, 60.275097], [25.035607, 60.274989], [25.035549, 60.274864], [25.035453, 60.274685], [25.035319, 60.274444], [25.035182, 60.274104], [25.03512, 60.273871], [25.034945, 60.273477], [25.034755, 60.273156], [25.034697, 60.273031], [25.03462, 60.27287], [25.03458, 60.272753], [25.03448, 60.27244], [25.034114, 60.271743], [25.034016, 60.27151], [25.033939, 60.27134], [25.033938, 60.271304], [25.032751, 60.26863], [25.032651, 60.268334], [25.032555, 60.268138], [25.032459, 60.267959], [25.03231, 60.267843], [25.032108, 60.267737], [25.031836, 60.267685], [25.031673, 60.267678], [25.031474, 60.26767], [25.030969, 60.267691], [25.030787, 60.267675], [25.030611, 60.267628], [25.030251, 60.267849], [25.029806, 60.268077], [25.02906, 60.268478], [25.028829, 60.268605], [25.028455, 60.26877], [25.028133, 60.26888], [25.027542, 60.269046], [25.027111, 60.26913], [25.026842, 60.269186], [25.026392, 60.269253], [25.024988, 60.269452], [25.024268, 60.269538], [25.024196, 60.269548], [25.023817, 60.269569], [25.023474, 60.269571], [25.023276, 60.269582], [25.022517, 60.269588], [25.021921, 60.269583], [25.021269, 60.269544], [25.01982, 60.269447], [25.019712, 60.269448], [25.01924, 60.26938], [25.018877, 60.269311], [25.018603, 60.269241], [25.018148, 60.269119], [25.017617, 60.26889], [25.016919, 60.268545], [25.016443, 60.268342], [25.01522, 60.267921], [25.014673, 60.267772], [25.013339, 60.267529], [25.012766, 60.267464], [25.010844, 60.267245], [25.009466, 60.267085], [25.009195, 60.26706], [25.008669, 60.267019], [25.007889, 60.266909], [25.007544, 60.266848], [25.00718, 60.266779], [25.006236, 60.266607], [25.005091, 60.266391], [25.004545, 60.26627], [25.003927, 60.26614], [25.003454, 60.266054], [25.002837, 60.265942], [25.003046, 60.265698], [25.003481, 60.265156], [25.003881, 60.264659], [25.004142, 60.264316], [25.004559, 60.263801], [25.004943, 60.26335], [25.00536, 60.262826], [25.004783, 60.262274], [25.004891, 60.261654], [25.004797, 60.261538], [25.004506, 60.261468], [25.003976, 60.261266], [25.003702, 60.261169], [25.003065, 60.261011], [25.002883, 60.260977], [25.003005, 60.260832], [25.002946, 60.260689], [25.002077, 60.260031], [25.001891, 60.259853], [25.001794, 60.259639], [25.001677, 60.259352], [25.001448, 60.258932], [25.001147, 60.25854], [25.000981, 60.258424], [25.000797, 60.258291], [25.000557, 60.258122], [25.000077, 60.257803], [24.999911, 60.257696], [24.999672, 60.257554], [24.999213, 60.257307], [24.998442, 60.256891], [24.999433, 60.256406], [25.000899, 60.255741], [25.001308, 60.255532], [25.001916, 60.255013], [25.002272, 60.254564], [25.002973, 60.253383], [25.003257, 60.253129], [25.003375, 60.253035], [25.003861, 60.252793], [25.004415, 60.252618], [25.004918, 60.252515], [25.005224, 60.252468], [25.005475, 60.252421], [25.006517, 60.252252], [25.006822, 60.252151], [25.007235, 60.251937], [25.008031, 60.251531], [25.008225, 60.251368], [25.00833, 60.25126], [25.008399, 60.25116], [25.008467, 60.251025], [25.008611, 60.250678], [25.008763, 60.250664], [25.009032, 60.250608], [25.009174, 60.250535], [25.009297, 60.250427], [25.009383, 60.250273], [25.00938, 60.250193], [25.009394, 60.250049], [25.0093, 60.249942], [25.009225, 60.249862], [25.009005, 60.249747], [25.008823, 60.249694], [25.008923, 60.249415], [25.009027, 60.249271], [25.009131, 60.249135], [25.009236, 60.249045], [25.009483, 60.248845], [25.009748, 60.248664], [25.010067, 60.248464], [25.01019, 60.248355], [25.01085, 60.247779], [25.011389, 60.247248], [25.011697, 60.246881], [25.011731, 60.2468], [25.011799, 60.246656], [25.011897, 60.246332], [25.011928, 60.246152], [25.01203, 60.245972], [25.01217, 60.2458], [25.012382, 60.245637], [25.0127, 60.245419], [25.013214, 60.245083], [25.013603, 60.244829], [25.013921, 60.244611], [25.014254, 60.244276], [25.014675, 60.243878], [25.015364, 60.243381], [25.015559, 60.24327], [25.015754, 60.243152], [25.016218, 60.242978], [25.017688, 60.242643], [25.018315, 60.242495], [25.018218, 60.242508], [25.018942, 60.242346], [25.019247, 60.242272], [25.020037, 60.24214], [25.020049, 60.241943], [25.020077, 60.241682], [25.020075, 60.241629], [25.02009, 60.241539], [25.02012, 60.241341], [25.020137, 60.241287], [25.020272, 60.240999], [25.020531, 60.240602], [25.02093, 60.240069], [25.021014, 60.239871], [25.021094, 60.239547], [25.021066, 60.239197], [25.021073, 60.238874], [25.021137, 60.238596], [25.021204, 60.238442], [25.021517, 60.238036], [25.021621, 60.237901], [25.021654, 60.237811], [25.021826, 60.237531], [25.021962, 60.237279], [25.022047, 60.237099], [25.022093, 60.236838], [25.022102, 60.236542], [25.022039, 60.236255], [25.021961, 60.236085], [25.021866, 60.235942], [25.021771, 60.235772], [25.021695, 60.235647], [25.021472, 60.23546], [25.021306, 60.235336], [25.021067, 60.235194], [25.020848, 60.235115], [25.020502, 60.23501], [25.019849, 60.234908], [25.016856, 60.234437], [25.015801, 60.234185], [25.014872, 60.233896], [25.014395, 60.233657], [25.013684, 60.233438], [25.013136, 60.233218], [25.012788, 60.233059], [25.012715, 60.233015], [25.01174, 60.232448], [25.011227, 60.232191], [25.01089, 60.231995], [25.010601, 60.231774], [25.010249, 60.231499], [25.010118, 60.231356], [25.009985, 60.231115], [25.009903, 60.230801], [25.009896, 60.230577], [25.010049, 60.23027], [25.010116, 60.230117], [25.010519, 60.22971], [25.010891, 60.229492], [25.010027, 60.229255], [25.009453, 60.229099], [25.009053, 60.228995], [25.008199, 60.228812], [25.007692, 60.228735], [25.007438, 60.228701], [25.006442, 60.228601], [25.005989, 60.228541], [25.005537, 60.228491], [25.00463, 60.228345], [25.004085, 60.228241], [25.003668, 60.228164], [25.003396, 60.228112], [25.002412, 60.227831], [25.00254, 60.227867], [25.001576, 60.227632], [25.000574, 60.227326], [24.999936, 60.227106], [24.99917, 60.226834], [24.998731, 60.226657], [24.998457, 60.226552], [24.997854, 60.226287], [24.99725, 60.226022], [24.996335, 60.225589], [24.99564, 60.225281], [24.99469, 60.224884], [24.993649, 60.224497], [24.992446, 60.224093], [24.991499, 60.223813], [24.990227, 60.22349], [24.989427, 60.22329], [24.988627, 60.223107], [24.98692, 60.222725], [24.985339, 60.222351], [24.983974, 60.221966], [24.98319, 60.221712], [24.982187, 60.221359], [24.981329, 60.220997], [24.980688, 60.220706], [24.980139, 60.220441], [24.979168, 60.219936], [24.978672, 60.219657], [24.977129, 60.218731], [24.976228, 60.218163], [24.975659, 60.217808], [24.975142, 60.217435], [24.97444, 60.216884], [24.97102, 60.21348], [24.970648, 60.213097], [24.970457, 60.212721], [24.969916, 60.212115], [24.969224, 60.211294], [24.96885, 60.210848], [24.968755, 60.210687], [24.968695, 60.21049], [24.968673, 60.210347], [24.968667, 60.210149], [24.968678, 60.209916], [24.968671, 60.209674], [24.968631, 60.20953], [24.96855, 60.209244], [24.968396, 60.208904], [24.968054, 60.207686], [24.967708, 60.206961], [24.967437, 60.206335], [24.967152, 60.205852], [24.966792, 60.20527], [24.966793, 60.205279], [24.966641, 60.20502], [24.966264, 60.204484], [24.965815, 60.203922], [24.965609, 60.203654], [24.965366, 60.203387], [24.965236, 60.203244], [24.965089, 60.203138], [24.964683, 60.202826], [24.964075, 60.202382], [24.963779, 60.202133], [24.96339, 60.201804], [24.963223, 60.201634], [24.962945, 60.201358], [24.962796, 60.201198], [24.96259, 60.200948], [24.962308, 60.200546], [24.962117, 60.200206], [24.962021, 60.199992], [24.961825, 60.199446], [24.96178, 60.199141], [24.961756, 60.198943], [24.961629, 60.198195], [24.961824, 60.197579], [24.962135, 60.197119], [24.962149, 60.196957], [24.962437, 60.196335], [24.962788, 60.19551], [24.963048, 60.195048], [24.964216, 60.193666], [24.964337, 60.193494], [24.964539, 60.193017], [24.96457, 60.192846], [24.964487, 60.191676], [24.964438, 60.19081], [24.964431, 60.190568], [24.964248, 60.189878], [24.964081, 60.189481], [24.963453, 60.188355], [24.963389, 60.188206], [24.963279, 60.188126], [24.963041, 60.188002], [24.962786, 60.187905], [24.962481, 60.187822], [24.962113, 60.187712], [24.961913, 60.187651], [24.961758, 60.187582], [24.961601, 60.187474], [24.961453, 60.18734], [24.96134, 60.187161], [24.961277, 60.186857], [24.96113, 60.186158], [24.960989, 60.185629], [24.960799, 60.185307], [24.960501, 60.184968], [24.959966, 60.18455], [24.958951, 60.183758], [24.958306, 60.183269], [24.956895, 60.182566], [24.956442, 60.182367], [24.955785, 60.182076], [24.954109, 60.181459], [24.95227, 60.180799], [24.951345, 60.18045], [24.950266, 60.18006], [24.950138, 60.179998], [24.950028, 60.179918], [24.949935, 60.179838], [24.949842, 60.17974], [24.949854, 60.179533], [24.949886, 60.179233], [24.949924, 60.178728], [24.949965, 60.178384], [24.94996, 60.178222], [24.949987, 60.177881], [24.949998, 60.177647], [24.950026, 60.17736], [24.950119, 60.176237], [24.950143, 60.175815], [24.95023, 60.175079], [24.950267, 60.174504], [24.950228, 60.174415], [24.950081, 60.174299], [24.949936, 60.174264], [24.94979, 60.174211], [24.949679, 60.174122], [24.949622, 60.173997], [24.94962, 60.173925], [24.949581, 60.173818], [24.949248, 60.173515], [24.949179, 60.173448], [24.949136, 60.173408], [24.948897, 60.173185], [24.948803, 60.173069], [24.948709, 60.172935], [24.948469, 60.17274], [24.947952, 60.172286], [24.947878, 60.172232], [24.947805, 60.172179], [24.947713, 60.172135], [24.947586, 60.172109], [24.946991, 60.172086], [24.945223, 60.172036], [24.944962, 60.17201], [24.944537, 60.17196], [24.944211, 60.171909], [24.94376, 60.171899]]}}, {"type": "Feature", "properties": {"shape_id": "1074_20260606_1", "route_short_name": "74", "route_long_name": "Hakaniemi-Malmi-Tapanila-Puistola-Heikinlaakso", "route_type": "701", "color": "#9467bd", "point_count": 489}, "geometry": {"type": "LineString", "coordinates": [[24.952179, 60.179378], [24.952196, 60.179508], [24.952182, 60.179642], [24.952154, 60.179939], [24.952138, 60.180002], [24.952086, 60.180047], [24.951626, 60.180346], [24.951522, 60.180383], [24.952356, 60.180682], [24.95558, 60.181844], [24.95609, 60.182028], [24.956436, 60.182161], [24.956856, 60.182373], [24.957076, 60.182497], [24.957531, 60.182733], [24.957882, 60.182922], [24.95843, 60.183187], [24.958928, 60.183579], [24.959923, 60.184326], [24.960273, 60.184575], [24.960697, 60.184913], [24.961147, 60.185493], [24.961302, 60.18586], [24.961431, 60.186577], [24.961554, 60.187088], [24.961612, 60.187222], [24.961724, 60.187347], [24.961817, 60.187445], [24.961909, 60.187507], [24.961988, 60.187553], [24.962309, 60.18763], [24.962817, 60.187743], [24.963035, 60.187813], [24.963201, 60.187881], [24.963382, 60.187972], [24.963511, 60.18807], [24.963586, 60.188141], [24.96368, 60.188293], [24.963794, 60.188499], [24.963845, 60.188614], [24.963965, 60.188812], [24.964308, 60.189447], [24.964402, 60.189684], [24.964517, 60.189804], [24.964661, 60.190422], [24.964685, 60.191248], [24.964735, 60.192612], [24.96477, 60.192917], [24.964777, 60.193132], [24.964744, 60.193231], [24.964554, 60.193529], [24.964416, 60.193718], [24.964206, 60.193944], [24.96323, 60.195091], [24.963127, 60.195253], [24.962675, 60.196259], [24.962673, 60.19637], [24.962282, 60.197216], [24.962081, 60.197747], [24.961924, 60.198414], [24.961756, 60.198943], [24.961782, 60.19923], [24.961825, 60.199463], [24.961903, 60.199678], [24.962059, 60.200054], [24.962136, 60.200233], [24.962213, 60.200394], [24.962289, 60.200519], [24.962589, 60.20093], [24.962721, 60.2011], [24.962944, 60.201349], [24.96339, 60.201804], [24.963871, 60.202213], [24.964075, 60.202382], [24.965089, 60.203138], [24.965236, 60.203244], [24.965366, 60.203387], [24.965609, 60.203654], [24.965665, 60.203735], [24.965964, 60.204074], [24.966264, 60.204484], [24.966641, 60.20502], [24.966793, 60.205279], [24.966792, 60.20527], [24.967152, 60.205852], [24.967437, 60.206335], [24.968054, 60.207686], [24.968175, 60.208125], [24.968396, 60.208904], [24.96855, 60.209244], [24.968631, 60.20953], [24.968671, 60.209674], [24.968678, 60.209916], [24.968667, 60.210149], [24.968673, 60.210347], [24.968695, 60.21049], [24.968755, 60.210687], [24.96885, 60.210848], [24.969224, 60.211294], [24.969897, 60.212097], [24.970419, 60.212668], [24.970773, 60.213069], [24.971164, 60.21347], [24.97207, 60.214217], [24.973928, 60.216017], [24.974448, 60.216533], [24.974948, 60.216979], [24.975428, 60.217334], [24.975944, 60.217707], [24.976496, 60.218071], [24.977343, 60.218621], [24.977748, 60.218897], [24.978721, 60.219464], [24.979069, 60.21964], [24.979876, 60.220075], [24.980388, 60.220322], [24.980919, 60.220579], [24.981559, 60.22087], [24.982418, 60.221214], [24.983384, 60.221558], [24.98415, 60.221812], [24.98506, 60.222084], [24.985514, 60.222197], [24.987059, 60.222571], [24.988767, 60.222962], [24.990493, 60.223362], [24.991712, 60.223685], [24.99255, 60.223939], [24.993826, 60.224361], [24.994848, 60.224739], [24.995853, 60.225153], [24.996566, 60.225462], [24.997499, 60.225895], [24.99814, 60.226195], [24.998707, 60.226451], [24.999401, 60.226715], [24.999821, 60.226883], [25.000095, 60.226979], [25.000733, 60.22719], [25.001115, 60.227304], [25.001896, 60.227459], [25.003058, 60.227702], [25.00382, 60.227822], [25.004201, 60.227882], [25.005251, 60.227999], [25.006083, 60.228074], [25.00668, 60.228114], [25.00771, 60.228151], [25.009298, 60.228175], [25.010327, 60.228177], [25.011085, 60.228171], [25.01177, 60.228148], [25.01181, 60.228291], [25.011814, 60.22839], [25.011772, 60.228628], [25.011735, 60.228759], [25.011614, 60.228948], [25.011456, 60.229093], [25.011156, 60.22932], [25.010891, 60.229492], [25.010538, 60.229737], [25.010344, 60.2299], [25.010152, 60.230099], [25.010049, 60.23027], [25.010019, 60.230468], [25.010011, 60.230809], [25.010033, 60.230917], [25.010056, 60.231069], [25.010133, 60.231239], [25.010209, 60.231355], [25.010321, 60.231471], [25.01058, 60.231676], [25.011262, 60.232137], [25.01174, 60.232448], [25.012549, 60.232899], [25.012788, 60.233059], [25.013136, 60.233227], [25.013702, 60.233438], [25.014413, 60.233657], [25.014872, 60.233896], [25.015801, 60.234185], [25.016856, 60.234437], [25.018597, 60.23472], [25.019849, 60.234908], [25.02012, 60.234941], [25.02052, 60.23501], [25.020848, 60.235115], [25.021067, 60.235194], [25.021324, 60.235336], [25.021491, 60.235469], [25.021695, 60.235656], [25.021771, 60.235772], [25.021961, 60.236085], [25.022039, 60.236255], [25.022102, 60.236542], [25.02209, 60.236748], [25.022093, 60.236838], [25.022047, 60.23709], [25.021996, 60.237189], [25.021963, 60.237297], [25.021792, 60.237594], [25.021654, 60.237811], [25.021517, 60.238036], [25.021187, 60.238452], [25.021137, 60.238605], [25.021074, 60.238883], [25.021066, 60.239197], [25.021094, 60.239547], [25.021015, 60.239889], [25.020863, 60.240146], [25.020879, 60.240159], [25.020723, 60.240394], [25.020531, 60.240602], [25.020272, 60.240999], [25.020137, 60.241287], [25.02012, 60.241341], [25.02009, 60.241539], [25.020075, 60.241629], [25.020077, 60.241682], [25.020049, 60.241943], [25.020037, 60.24214], [25.019168, 60.242316], [25.018728, 60.242411], [25.018315, 60.242495], [25.017688, 60.242643], [25.016218, 60.242978], [25.015754, 60.243152], [25.015559, 60.24327], [25.015351, 60.243405], [25.014641, 60.24395], [25.01408, 60.244502], [25.013019, 60.24521], [25.012488, 60.245555], [25.012329, 60.245673], [25.01217, 60.245809], [25.01203, 60.245972], [25.011928, 60.246161], [25.011897, 60.246341], [25.011783, 60.246719], [25.011699, 60.246926], [25.011648, 60.247025], [25.011613, 60.247079], [25.011234, 60.247516], [25.011144, 60.247657], [25.010951, 60.247838], [25.01019, 60.248355], [25.009713, 60.248691], [25.009412, 60.248873], [25.009113, 60.249153], [25.009027, 60.249271], [25.008959, 60.249424], [25.008823, 60.249694], [25.009005, 60.249738], [25.009115, 60.249791], [25.009207, 60.249853], [25.009319, 60.24996], [25.009308, 60.249967], [25.009415, 60.250138], [25.009418, 60.250246], [25.009368, 60.25039], [25.009245, 60.250508], [25.009103, 60.250581], [25.009014, 60.250617], [25.008835, 60.250654], [25.008611, 60.250678], [25.008556, 60.250998], [25.00842, 60.251277], [25.008281, 60.25144], [25.008158, 60.251557], [25.007999, 60.251666], [25.006969, 60.252221], [25.006693, 60.252313], [25.007175, 60.252507], [25.007854, 60.252843], [25.008293, 60.253028], [25.008404, 60.253126], [25.008873, 60.253688], [25.00934, 60.254178], [25.009584, 60.25449], [25.009944, 60.255035], [25.010305, 60.255607], [25.010362, 60.255696], [25.01055, 60.255956], [25.010811, 60.256214], [25.011125, 60.256445], [25.01131, 60.25656], [25.011675, 60.256683], [25.013002, 60.256978], [25.013256, 60.257022], [25.013033, 60.2574], [25.012903, 60.257841], [25.01282, 60.258084], [25.012699, 60.258857], [25.012635, 60.259126], [25.012262, 60.259726], [25.01195, 60.260316], [25.01161, 60.261001], [25.011473, 60.261262], [25.01139, 60.261488], [25.011205, 60.261929], [25.011172, 60.262046], [25.01114, 60.262154], [25.01116, 60.262243], [25.011341, 60.262242], [25.011702, 60.26223], [25.012062, 60.2622], [25.012224, 60.262181], [25.012495, 60.26217], [25.012892, 60.262158], [25.013054, 60.262157], [25.013217, 60.262147], [25.013487, 60.262118], [25.013684, 60.262071], [25.015402, 60.261538], [25.017637, 60.260811], [25.018138, 60.260646], [25.018732, 60.260596], [25.019545, 60.26059], [25.020267, 60.260585], [25.020502, 60.260565], [25.021094, 60.260453], [25.021434, 60.260351], [25.021559, 60.260287], [25.022164, 60.259996], [25.022457, 60.260146], [25.024017, 60.260924], [25.026071, 60.261913], [25.026456, 60.262063], [25.02662, 60.262115], [25.02693, 60.262203], [25.027239, 60.262272], [25.027239, 60.262272], [25.02712, 60.262506], [25.027019, 60.262749], [25.026937, 60.26301], [25.026868, 60.26311], [25.026749, 60.263353], [25.02625, 60.264138], [25.025873, 60.264787], [25.025684, 60.265102], [25.02546, 60.265463], [25.024996, 60.266203], [25.024618, 60.266843], [25.024241, 60.267483], [25.02388, 60.268078], [25.02383, 60.268195], [25.023833, 60.268294], [25.024029, 60.26884], [25.024268, 60.269538], [25.024988, 60.269452], [25.02542, 60.269386], [25.02641, 60.269253], [25.02686, 60.269177], [25.027111, 60.26913], [25.027542, 60.269046], [25.028133, 60.26888], [25.028437, 60.26877], [25.028811, 60.268606], [25.02906, 60.268478], [25.029558, 60.268214], [25.030251, 60.267849], [25.030611, 60.267628], [25.030603, 60.267542], [25.030654, 60.267469], [25.030852, 60.267432], [25.031016, 60.267475], [25.031055, 60.267574], [25.031274, 60.267636], [25.031474, 60.26767], [25.031673, 60.267678], [25.031836, 60.267685], [25.032108, 60.267737], [25.03231, 60.267843], [25.032459, 60.267959], [25.032553, 60.268102], [25.032651, 60.268334], [25.032769, 60.268648], [25.032829, 60.268809], [25.033938, 60.271331], [25.034114, 60.271743], [25.034307, 60.272118], [25.03448, 60.27244], [25.03462, 60.27287], [25.034697, 60.273031], [25.034755, 60.273156], [25.034945, 60.273477], [25.03512, 60.273871], [25.035182, 60.274104], [25.035319, 60.274444], [25.035453, 60.274685], [25.035549, 60.274864], [25.035589, 60.274962], [25.035724, 60.275249], [25.035764, 60.275356], [25.035748, 60.275446], [25.035643, 60.275545], [25.035377, 60.2757], [25.034596, 60.276155], [25.034438, 60.276282], [25.034404, 60.276363], [25.03437, 60.276444], [25.034392, 60.276551], [25.034564, 60.276956], [25.034898, 60.277696], [25.03549, 60.277566], [25.035868, 60.277509], [25.039493, 60.276682], [25.039858, 60.276578], [25.04021, 60.276497], [25.041249, 60.27621], [25.042307, 60.275924], [25.042952, 60.275748], [25.043309, 60.275629], [25.043435, 60.275592], [25.043631, 60.275501], [25.043826, 60.2754], [25.044021, 60.275264], [25.044107, 60.275129], [25.044205, 60.274823], [25.044337, 60.274427], [25.044453, 60.274085], [25.044631, 60.273446], [25.044807, 60.272718], [25.045037, 60.272007], [25.045306, 60.271377], [25.046264, 60.271378], [25.046625, 60.271384], [25.046915, 60.271391], [25.047402, 60.271387], [25.047763, 60.271357], [25.049814, 60.271099], [25.050229, 60.271068], [25.050609, 60.271047], [25.051169, 60.271043], [25.051585, 60.271049], [25.052108, 60.271044], [25.052451, 60.271015], [25.052685, 60.270986], [25.052775, 60.270967], [25.052918, 60.270921], [25.053132, 60.270839], [25.053304, 60.270741], [25.053719, 60.270547], [25.054038, 60.270356], [25.054269, 60.270237], [25.054501, 60.270137], [25.054894, 60.270026], [25.055128, 60.269979], [25.055506, 60.269931], [25.055938, 60.269901], [25.056156, 60.269908], [25.058457, 60.270114], [25.05872, 60.270135], [25.059925, 60.270237], [25.060181, 60.270245], [25.061767, 60.269992], [25.061812, 60.269944], [25.061865, 60.269907], [25.061973, 60.269889], [25.062064, 60.269906], [25.062137, 60.269932], [25.06327, 60.269762], [25.063523, 60.269768], [25.063541, 60.269768], [25.063883, 60.269721], [25.064261, 60.269674], [25.064387, 60.269664], [25.064537, 60.26964], [25.064748, 60.269643], [25.065073, 60.26964], [25.065507, 60.269646], [25.06576, 60.269662], [25.067644, 60.26979], [25.068151, 60.269822], [25.068604, 60.269854], [25.068948, 60.269878], [25.069654, 60.269918], [25.071157, 60.270013], [25.072966, 60.27007], [25.073054, 60.270007], [25.073217, 60.269996], [25.073363, 60.270058], [25.073384, 60.27013], [25.073295, 60.270193], [25.073185, 60.270224], [25.073079, 60.270213], [25.072987, 60.270169], [25.072931, 60.270115], [25.072026, 60.27006]]}}, {"type": "Feature", "properties": {"shape_id": "1074_20260606_2", "route_short_name": "74", "route_long_name": "Hakaniemi-Malmi-Tapanila-Puistola-Heikinlaakso", "route_type": "701", "color": "#9467bd", "point_count": 445}, "geometry": {"type": "LineString", "coordinates": [[25.072026, 60.27006], [25.071157, 60.270013], [25.069654, 60.269918], [25.06893, 60.269879], [25.06576, 60.269662], [25.065507, 60.269646], [25.065001, 60.269641], [25.06473, 60.269643], [25.064369, 60.269664], [25.063847, 60.26973], [25.063523, 60.269768], [25.063097, 60.269822], [25.062193, 60.269977], [25.062142, 60.270067], [25.062052, 60.270094], [25.061962, 60.270104], [25.061835, 60.270078], [25.061564, 60.270089], [25.060521, 60.270232], [25.059799, 60.270256], [25.059273, 60.270215], [25.058712, 60.270175], [25.058457, 60.270114], [25.056573, 60.269968], [25.056392, 60.269951], [25.05612, 60.269935], [25.055759, 60.269929], [25.055506, 60.26994], [25.05511, 60.269979], [25.054877, 60.270035], [25.054501, 60.270146], [25.054251, 60.270238], [25.054038, 60.270356], [25.053736, 60.270529], [25.053452, 60.270693], [25.053132, 60.270839], [25.052918, 60.270921], [25.052685, 60.270986], [25.052433, 60.271015], [25.052108, 60.271044], [25.051151, 60.271043], [25.050591, 60.271048], [25.050175, 60.271069], [25.049814, 60.271099], [25.047763, 60.271357], [25.047402, 60.271387], [25.046933, 60.271391], [25.046101, 60.27137], [25.045306, 60.271377], [25.045037, 60.272007], [25.044807, 60.272718], [25.044631, 60.273446], [25.044516, 60.273788], [25.044453, 60.274085], [25.044205, 60.274823], [25.044107, 60.275129], [25.044021, 60.275264], [25.043826, 60.2754], [25.043631, 60.27551], [25.043435, 60.275592], [25.043292, 60.275638], [25.042952, 60.275748], [25.041662, 60.2761], [25.040944, 60.276303], [25.040371, 60.27646], [25.039649, 60.276629], [25.03942, 60.276683], [25.037932, 60.277044], [25.036675, 60.277323], [25.035994, 60.27749], [25.035149, 60.277641], [25.034898, 60.277696], [25.034431, 60.27665], [25.034431, 60.276641], [25.03439, 60.276489], [25.034402, 60.276309], [25.034578, 60.276155], [25.035377, 60.2757], [25.035643, 60.275545], [25.035748, 60.275446], [25.035764, 60.275365], [25.035724, 60.275249], [25.035647, 60.275097], [25.035607, 60.274989], [25.035549, 60.274864], [25.035453, 60.274685], [25.035319, 60.274444], [25.035182, 60.274104], [25.03512, 60.273871], [25.034945, 60.273477], [25.034755, 60.273156], [25.034697, 60.273031], [25.03462, 60.27287], [25.03458, 60.272753], [25.03448, 60.27244], [25.034114, 60.271743], [25.034016, 60.27151], [25.033939, 60.27134], [25.033938, 60.271304], [25.032751, 60.26863], [25.032651, 60.268334], [25.032555, 60.268138], [25.032459, 60.267959], [25.03231, 60.267843], [25.032108, 60.267737], [25.031836, 60.267685], [25.031673, 60.267678], [25.031474, 60.26767], [25.030969, 60.267691], [25.030787, 60.267675], [25.030611, 60.267628], [25.030251, 60.267849], [25.029806, 60.268077], [25.02906, 60.268478], [25.028829, 60.268605], [25.028455, 60.26877], [25.028133, 60.26888], [25.027542, 60.269046], [25.027111, 60.26913], [25.026842, 60.269186], [25.026392, 60.269253], [25.024988, 60.269452], [25.024268, 60.269538], [25.02413, 60.269171], [25.02389, 60.26841], [25.023833, 60.268294], [25.02383, 60.268195], [25.02388, 60.268078], [25.024241, 60.267483], [25.024618, 60.266843], [25.024996, 60.266203], [25.02546, 60.265463], [25.025718, 60.265039], [25.025891, 60.264787], [25.02625, 60.264138], [25.026611, 60.263551], [25.026766, 60.263317], [25.026919, 60.263019], [25.027019, 60.262749], [25.02712, 60.262506], [25.027239, 60.262272], [25.027239, 60.262272], [25.026857, 60.262176], [25.026456, 60.262063], [25.026053, 60.261904], [25.024017, 60.260924], [25.022421, 60.260128], [25.022164, 60.259996], [25.021613, 60.260278], [25.021416, 60.260351], [25.021094, 60.260453], [25.020502, 60.260574], [25.020213, 60.260585], [25.019527, 60.26059], [25.018732, 60.260596], [25.018138, 60.260646], [25.017172, 60.260959], [25.016546, 60.261161], [25.015402, 60.261538], [25.013684, 60.26208], [25.013469, 60.262118], [25.013217, 60.262147], [25.013054, 60.262157], [25.012856, 60.262158], [25.012062, 60.262191], [25.01116, 60.262243], [25.01114, 60.262163], [25.01119, 60.262028], [25.011491, 60.261244], [25.01161, 60.261001], [25.011711, 60.260776], [25.01195, 60.260316], [25.012309, 60.259676], [25.012635, 60.259117], [25.012717, 60.25883], [25.01282, 60.258093], [25.013007, 60.257517], [25.013053, 60.257436], [25.013256, 60.257022], [25.013002, 60.256978], [25.011693, 60.256683], [25.01131, 60.25656], [25.011125, 60.256445], [25.010811, 60.256214], [25.01055, 60.255956], [25.010362, 60.255696], [25.010285, 60.255544], [25.010153, 60.255366], [25.009944, 60.255035], [25.009584, 60.25449], [25.00934, 60.254178], [25.009153, 60.253991], [25.00906, 60.253893], [25.008404, 60.253126], [25.008293, 60.253028], [25.007854, 60.252843], [25.007175, 60.252507], [25.006693, 60.252313], [25.006499, 60.252261], [25.00684, 60.252142], [25.007235, 60.251937], [25.008031, 60.251531], [25.008225, 60.251368], [25.00833, 60.25126], [25.008399, 60.25116], [25.008467, 60.251025], [25.008611, 60.250678], [25.008763, 60.250664], [25.009032, 60.250608], [25.009174, 60.250535], [25.009297, 60.250427], [25.009383, 60.250273], [25.00938, 60.250193], [25.009394, 60.250049], [25.0093, 60.249942], [25.009225, 60.249862], [25.009005, 60.249747], [25.008823, 60.249694], [25.008923, 60.249415], [25.009027, 60.249271], [25.009131, 60.249135], [25.009236, 60.249045], [25.009483, 60.248845], [25.009748, 60.248664], [25.010067, 60.248464], [25.01019, 60.248355], [25.01085, 60.247779], [25.011389, 60.247248], [25.011697, 60.246881], [25.011731, 60.2468], [25.011799, 60.246656], [25.011897, 60.246332], [25.011928, 60.246152], [25.01203, 60.245972], [25.01217, 60.2458], [25.012382, 60.245637], [25.0127, 60.245419], [25.013214, 60.245083], [25.013603, 60.244829], [25.013921, 60.244611], [25.014254, 60.244276], [25.014675, 60.243878], [25.015364, 60.243381], [25.015559, 60.24327], [25.015754, 60.243152], [25.016218, 60.242978], [25.017688, 60.242643], [25.018315, 60.242495], [25.018218, 60.242508], [25.018942, 60.242346], [25.019247, 60.242272], [25.020037, 60.24214], [25.020049, 60.241943], [25.020077, 60.241682], [25.020075, 60.241629], [25.02009, 60.241539], [25.02012, 60.241341], [25.020137, 60.241287], [25.020272, 60.240999], [25.020531, 60.240602], [25.02093, 60.240069], [25.021014, 60.239871], [25.021094, 60.239547], [25.021066, 60.239197], [25.021073, 60.238874], [25.021137, 60.238596], [25.021204, 60.238442], [25.021517, 60.238036], [25.021621, 60.237901], [25.021654, 60.237811], [25.021826, 60.237531], [25.021962, 60.237279], [25.022047, 60.237099], [25.022093, 60.236838], [25.022102, 60.236542], [25.022039, 60.236255], [25.021961, 60.236085], [25.021866, 60.235942], [25.021771, 60.235772], [25.021695, 60.235647], [25.021472, 60.23546], [25.021306, 60.235336], [25.021067, 60.235194], [25.020848, 60.235115], [25.020502, 60.23501], [25.019849, 60.234908], [25.016856, 60.234437], [25.015801, 60.234185], [25.014872, 60.233896], [25.014395, 60.233657], [25.013684, 60.233438], [25.013136, 60.233218], [25.012788, 60.233059], [25.012715, 60.233015], [25.01174, 60.232448], [25.011227, 60.232191], [25.01089, 60.231995], [25.010601, 60.231774], [25.010249, 60.231499], [25.010118, 60.231356], [25.009985, 60.231115], [25.009903, 60.230801], [25.009896, 60.230577], [25.010049, 60.23027], [25.010116, 60.230117], [25.010519, 60.22971], [25.010891, 60.229492], [25.010027, 60.229255], [25.009453, 60.229099], [25.009053, 60.228995], [25.008199, 60.228812], [25.007692, 60.228735], [25.007438, 60.228701], [25.006442, 60.228601], [25.005989, 60.228541], [25.005537, 60.228491], [25.00463, 60.228345], [25.004085, 60.228241], [25.003668, 60.228164], [25.003396, 60.228112], [25.002412, 60.227831], [25.00254, 60.227867], [25.001576, 60.227632], [25.000574, 60.227326], [24.999936, 60.227106], [24.99917, 60.226834], [24.998731, 60.226657], [24.998457, 60.226552], [24.997854, 60.226287], [24.99725, 60.226022], [24.996335, 60.225589], [24.99564, 60.225281], [24.99469, 60.224884], [24.993649, 60.224497], [24.992446, 60.224093], [24.991499, 60.223813], [24.990227, 60.22349], [24.989427, 60.22329], [24.988627, 60.223107], [24.98692, 60.222725], [24.985339, 60.222351], [24.983974, 60.221966], [24.98319, 60.221712], [24.982187, 60.221359], [24.981329, 60.220997], [24.980688, 60.220706], [24.980139, 60.220441], [24.979168, 60.219936], [24.978672, 60.219657], [24.977129, 60.218731], [24.976228, 60.218163], [24.975659, 60.217808], [24.975142, 60.217435], [24.97444, 60.216884], [24.97102, 60.21348], [24.970648, 60.213097], [24.970457, 60.212721], [24.969916, 60.212115], [24.969224, 60.211294], [24.96885, 60.210848], [24.968755, 60.210687], [24.968695, 60.21049], [24.968673, 60.210347], [24.968667, 60.210149], [24.968678, 60.209916], [24.968671, 60.209674], [24.968631, 60.20953], [24.96855, 60.209244], [24.968396, 60.208904], [24.968054, 60.207686], [24.967708, 60.206961], [24.967437, 60.206335], [24.967152, 60.205852], [24.966792, 60.20527], [24.966793, 60.205279], [24.966641, 60.20502], [24.966264, 60.204484], [24.965815, 60.203922], [24.965609, 60.203654], [24.965366, 60.203387], [24.965236, 60.203244], [24.965089, 60.203138], [24.964683, 60.202826], [24.964075, 60.202382], [24.963779, 60.202133], [24.96339, 60.201804], [24.963223, 60.201634], [24.962945, 60.201358], [24.962796, 60.201198], [24.96259, 60.200948], [24.962308, 60.200546], [24.962117, 60.200206], [24.962021, 60.199992], [24.961825, 60.199446], [24.96178, 60.199141], [24.961756, 60.198943], [24.961629, 60.198195], [24.961824, 60.197579], [24.962135, 60.197119], [24.962149, 60.196957], [24.962437, 60.196335], [24.962788, 60.19551], [24.963048, 60.195048], [24.964216, 60.193666], [24.964337, 60.193494], [24.964539, 60.193017], [24.96457, 60.192846], [24.964487, 60.191676], [24.964438, 60.19081], [24.964431, 60.190568], [24.964248, 60.189878], [24.964081, 60.189481], [24.963453, 60.188355], [24.963389, 60.188206], [24.963279, 60.188126], [24.963041, 60.188002], [24.962786, 60.187905], [24.962481, 60.187822], [24.962113, 60.187712], [24.961913, 60.187651], [24.961758, 60.187582], [24.961601, 60.187474], [24.961453, 60.18734], [24.96134, 60.187161], [24.961277, 60.186857], [24.96113, 60.186158], [24.960989, 60.185629], [24.960799, 60.185307], [24.960501, 60.184968], [24.959966, 60.18455], [24.958951, 60.183758], [24.958306, 60.183269], [24.956895, 60.182566], [24.956442, 60.182367], [24.955785, 60.182076], [24.954109, 60.181459], [24.95227, 60.180799], [24.951345, 60.18045], [24.950266, 60.18006], [24.950138, 60.179998], [24.950028, 60.179918], [24.949935, 60.179838], [24.949842, 60.17974], [24.949854, 60.179533], [24.949886, 60.179233]]}}, {"type": "Feature", "properties": {"shape_id": "1074N_20260606_1", "route_short_name": "74N", "route_long_name": "Rautatientori-Malmi-Tapanila-Puistola-Heikinlaakso", "route_type": "701", "color": "#4a148c", "point_count": 540}, "geometry": {"type": "LineString", "coordinates": [[24.942859, 60.171333], [24.942893, 60.1712], [24.942891, 60.171077], [24.942938, 60.170885], [24.943267, 60.170736], [24.943954, 60.170447], [24.94413, 60.170386], [24.944367, 60.1704], [24.944493, 60.170426], [24.944747, 60.170487], [24.945184, 60.170627], [24.945493, 60.170742], [24.946675, 60.17111], [24.947203, 60.171304], [24.947368, 60.171392], [24.947496, 60.171481], [24.947572, 60.171615], [24.947667, 60.171776], [24.947797, 60.171928], [24.948093, 60.172195], [24.948537, 60.172587], [24.948778, 60.172809], [24.949331, 60.173236], [24.949607, 60.173468], [24.9497, 60.173575], [24.94992, 60.173735], [24.950121, 60.173823], [24.950213, 60.173876], [24.950304, 60.173929], [24.950416, 60.174063], [24.950437, 60.174135], [24.950409, 60.174162], [24.95046, 60.174323], [24.950431, 60.174566], [24.950405, 60.174916], [24.95039, 60.175015], [24.950376, 60.175158], [24.950325, 60.175868], [24.950224, 60.176757], [24.950189, 60.176883], [24.95023, 60.176964], [24.950189, 60.177413], [24.950152, 60.177978], [24.950227, 60.178086], [24.950319, 60.178157], [24.950411, 60.178237], [24.950629, 60.178374], [24.950687, 60.178432], [24.950707, 60.178477], [24.950661, 60.178765], [24.950651, 60.178817], [24.9506, 60.179308], [24.95059, 60.179438], [24.950557, 60.179681], [24.950551, 60.17995], [24.950589, 60.180031], [24.950699, 60.180093], [24.951191, 60.180269], [24.951522, 60.180383], [24.952356, 60.180682], [24.95558, 60.181844], [24.95609, 60.182028], [24.956436, 60.182161], [24.956856, 60.182373], [24.957076, 60.182497], [24.957531, 60.182733], [24.957882, 60.182922], [24.95843, 60.183187], [24.958928, 60.183579], [24.959923, 60.184326], [24.960273, 60.184575], [24.960697, 60.184913], [24.961147, 60.185493], [24.961302, 60.18586], [24.961431, 60.186577], [24.961554, 60.187088], [24.961612, 60.187222], [24.961724, 60.187347], [24.961817, 60.187445], [24.961909, 60.187507], [24.961988, 60.187553], [24.962309, 60.18763], [24.962817, 60.187743], [24.963035, 60.187813], [24.963201, 60.187881], [24.963382, 60.187972], [24.963511, 60.18807], [24.963586, 60.188141], [24.96368, 60.188293], [24.963794, 60.188499], [24.963845, 60.188614], [24.963965, 60.188812], [24.964308, 60.189447], [24.964402, 60.189684], [24.964517, 60.189804], [24.964661, 60.190422], [24.964685, 60.191248], [24.964735, 60.192612], [24.96477, 60.192917], [24.964777, 60.193132], [24.964744, 60.193231], [24.964554, 60.193529], [24.964416, 60.193718], [24.964206, 60.193944], [24.96323, 60.195091], [24.963127, 60.195253], [24.962675, 60.196259], [24.962673, 60.19637], [24.962282, 60.197216], [24.962081, 60.197747], [24.961924, 60.198414], [24.961756, 60.198943], [24.961782, 60.19923], [24.961825, 60.199463], [24.961903, 60.199678], [24.962059, 60.200054], [24.962136, 60.200233], [24.962213, 60.200394], [24.962289, 60.200519], [24.962589, 60.20093], [24.962721, 60.2011], [24.962944, 60.201349], [24.96339, 60.201804], [24.963871, 60.202213], [24.964075, 60.202382], [24.965089, 60.203138], [24.965236, 60.203244], [24.965366, 60.203387], [24.965609, 60.203654], [24.965665, 60.203735], [24.965964, 60.204074], [24.966264, 60.204484], [24.966641, 60.20502], [24.966793, 60.205279], [24.966792, 60.20527], [24.967152, 60.205852], [24.967437, 60.206335], [24.968054, 60.207686], [24.968175, 60.208125], [24.968396, 60.208904], [24.96855, 60.209244], [24.968631, 60.20953], [24.968671, 60.209674], [24.968678, 60.209916], [24.968667, 60.210149], [24.968673, 60.210347], [24.968695, 60.21049], [24.968755, 60.210687], [24.96885, 60.210848], [24.969224, 60.211294], [24.969897, 60.212097], [24.970419, 60.212668], [24.970773, 60.213069], [24.971164, 60.21347], [24.97207, 60.214217], [24.973928, 60.216017], [24.974448, 60.216533], [24.974948, 60.216979], [24.975428, 60.217334], [24.975944, 60.217707], [24.976496, 60.218071], [24.977343, 60.218621], [24.977748, 60.218897], [24.978721, 60.219464], [24.979069, 60.21964], [24.979876, 60.220075], [24.980388, 60.220322], [24.980919, 60.220579], [24.981559, 60.22087], [24.982418, 60.221214], [24.983384, 60.221558], [24.98415, 60.221812], [24.98506, 60.222084], [24.985514, 60.222197], [24.987059, 60.222571], [24.988767, 60.222962], [24.990493, 60.223362], [24.991712, 60.223685], [24.99255, 60.223939], [24.993826, 60.224361], [24.994848, 60.224739], [24.995853, 60.225153], [24.996566, 60.225462], [24.997499, 60.225895], [24.99814, 60.226195], [24.998707, 60.226451], [24.999401, 60.226715], [24.999821, 60.226883], [25.000095, 60.226979], [25.000733, 60.22719], [25.001115, 60.227304], [25.001896, 60.227459], [25.003058, 60.227702], [25.00382, 60.227822], [25.004201, 60.227882], [25.005251, 60.227999], [25.006083, 60.228074], [25.00668, 60.228114], [25.00771, 60.228151], [25.009298, 60.228175], [25.010327, 60.228177], [25.011085, 60.228171], [25.01177, 60.228148], [25.01181, 60.228291], [25.011814, 60.22839], [25.011772, 60.228628], [25.011735, 60.228759], [25.011614, 60.228948], [25.011456, 60.229093], [25.011156, 60.22932], [25.010891, 60.229492], [25.010538, 60.229737], [25.010344, 60.2299], [25.010152, 60.230099], [25.010049, 60.23027], [25.010019, 60.230468], [25.010011, 60.230809], [25.010033, 60.230917], [25.010056, 60.231069], [25.010133, 60.231239], [25.010209, 60.231355], [25.010321, 60.231471], [25.01058, 60.231676], [25.011262, 60.232137], [25.01174, 60.232448], [25.012549, 60.232899], [25.012788, 60.233059], [25.013136, 60.233227], [25.013702, 60.233438], [25.014413, 60.233657], [25.014872, 60.233896], [25.015801, 60.234185], [25.016856, 60.234437], [25.018597, 60.23472], [25.019849, 60.234908], [25.02012, 60.234941], [25.02052, 60.23501], [25.020848, 60.235115], [25.021067, 60.235194], [25.021324, 60.235336], [25.021491, 60.235469], [25.021695, 60.235656], [25.021771, 60.235772], [25.021961, 60.236085], [25.022039, 60.236255], [25.022102, 60.236542], [25.02209, 60.236748], [25.022093, 60.236838], [25.022047, 60.23709], [25.021996, 60.237189], [25.021963, 60.237297], [25.021792, 60.237594], [25.021654, 60.237811], [25.021517, 60.238036], [25.021187, 60.238452], [25.021137, 60.238605], [25.021074, 60.238883], [25.021066, 60.239197], [25.021094, 60.239547], [25.021015, 60.239889], [25.020863, 60.240146], [25.020879, 60.240159], [25.020723, 60.240394], [25.020531, 60.240602], [25.020272, 60.240999], [25.020137, 60.241287], [25.02012, 60.241341], [25.02009, 60.241539], [25.020075, 60.241629], [25.020077, 60.241682], [25.020049, 60.241943], [25.020037, 60.24214], [25.019168, 60.242316], [25.018728, 60.242411], [25.018315, 60.242495], [25.017688, 60.242643], [25.016218, 60.242978], [25.015754, 60.243152], [25.015559, 60.24327], [25.015351, 60.243405], [25.014641, 60.24395], [25.01408, 60.244502], [25.013019, 60.24521], [25.012488, 60.245555], [25.012329, 60.245673], [25.01217, 60.245809], [25.01203, 60.245972], [25.011928, 60.246161], [25.011897, 60.246341], [25.011783, 60.246719], [25.011699, 60.246926], [25.011648, 60.247025], [25.011613, 60.247079], [25.011234, 60.247516], [25.011144, 60.247657], [25.010951, 60.247838], [25.01019, 60.248355], [25.009713, 60.248691], [25.009412, 60.248873], [25.009113, 60.249153], [25.009027, 60.249271], [25.008959, 60.249424], [25.008823, 60.249694], [25.009005, 60.249738], [25.009115, 60.249791], [25.009207, 60.249853], [25.009319, 60.24996], [25.009308, 60.249967], [25.009415, 60.250138], [25.009418, 60.250246], [25.009368, 60.25039], [25.009245, 60.250508], [25.009103, 60.250581], [25.009014, 60.250617], [25.008835, 60.250654], [25.008611, 60.250678], [25.008556, 60.250998], [25.00842, 60.251277], [25.008281, 60.25144], [25.008158, 60.251557], [25.007999, 60.251666], [25.006969, 60.252221], [25.006693, 60.252313], [25.007175, 60.252507], [25.007854, 60.252843], [25.008293, 60.253028], [25.008404, 60.253126], [25.008873, 60.253688], [25.00934, 60.254178], [25.009584, 60.25449], [25.009944, 60.255035], [25.010305, 60.255607], [25.010362, 60.255696], [25.01055, 60.255956], [25.010811, 60.256214], [25.011125, 60.256445], [25.01131, 60.25656], [25.011675, 60.256683], [25.013002, 60.256978], [25.013256, 60.257022], [25.013033, 60.2574], [25.012903, 60.257841], [25.01282, 60.258084], [25.012699, 60.258857], [25.012635, 60.259126], [25.012262, 60.259726], [25.01195, 60.260316], [25.01161, 60.261001], [25.011473, 60.261262], [25.01139, 60.261488], [25.011205, 60.261929], [25.011172, 60.262046], [25.01114, 60.262154], [25.01116, 60.262243], [25.011341, 60.262242], [25.011702, 60.26223], [25.012062, 60.2622], [25.012224, 60.262181], [25.012495, 60.26217], [25.012892, 60.262158], [25.013054, 60.262157], [25.013217, 60.262147], [25.013487, 60.262118], [25.013684, 60.262071], [25.015402, 60.261538], [25.017637, 60.260811], [25.018138, 60.260646], [25.018732, 60.260596], [25.019545, 60.26059], [25.020267, 60.260585], [25.020502, 60.260565], [25.021094, 60.260453], [25.021434, 60.260351], [25.021559, 60.260287], [25.022164, 60.259996], [25.022457, 60.260146], [25.024017, 60.260924], [25.026071, 60.261913], [25.026456, 60.262063], [25.02662, 60.262115], [25.02693, 60.262203], [25.027239, 60.262272], [25.027239, 60.262272], [25.02712, 60.262506], [25.027019, 60.262749], [25.026937, 60.26301], [25.026868, 60.26311], [25.026749, 60.263353], [25.02625, 60.264138], [25.025873, 60.264787], [25.025684, 60.265102], [25.02546, 60.265463], [25.024996, 60.266203], [25.024618, 60.266843], [25.024241, 60.267483], [25.02388, 60.268078], [25.02383, 60.268195], [25.023833, 60.268294], [25.024029, 60.26884], [25.024268, 60.269538], [25.024988, 60.269452], [25.02542, 60.269386], [25.02641, 60.269253], [25.02686, 60.269177], [25.027111, 60.26913], [25.027542, 60.269046], [25.028133, 60.26888], [25.028437, 60.26877], [25.028811, 60.268606], [25.02906, 60.268478], [25.029558, 60.268214], [25.030251, 60.267849], [25.030611, 60.267628], [25.030603, 60.267542], [25.030654, 60.267469], [25.030852, 60.267432], [25.031016, 60.267475], [25.031055, 60.267574], [25.031274, 60.267636], [25.031474, 60.26767], [25.031673, 60.267678], [25.031836, 60.267685], [25.032108, 60.267737], [25.03231, 60.267843], [25.032459, 60.267959], [25.032553, 60.268102], [25.032651, 60.268334], [25.032769, 60.268648], [25.032829, 60.268809], [25.033938, 60.271331], [25.034114, 60.271743], [25.034307, 60.272118], [25.03448, 60.27244], [25.03462, 60.27287], [25.034697, 60.273031], [25.034755, 60.273156], [25.034945, 60.273477], [25.03512, 60.273871], [25.035182, 60.274104], [25.035319, 60.274444], [25.035453, 60.274685], [25.035549, 60.274864], [25.035589, 60.274962], [25.035724, 60.275249], [25.035764, 60.275356], [25.035748, 60.275446], [25.035643, 60.275545], [25.035377, 60.2757], [25.034596, 60.276155], [25.034438, 60.276282], [25.034404, 60.276363], [25.03437, 60.276444], [25.034392, 60.276551], [25.034564, 60.276956], [25.034898, 60.277696], [25.03549, 60.277566], [25.035868, 60.277509], [25.039493, 60.276682], [25.039858, 60.276578], [25.04021, 60.276497], [25.041249, 60.27621], [25.042307, 60.275924], [25.042952, 60.275748], [25.043309, 60.275629], [25.043435, 60.275592], [25.043631, 60.275501], [25.043826, 60.2754], [25.044021, 60.275264], [25.044107, 60.275129], [25.044205, 60.274823], [25.044337, 60.274427], [25.044453, 60.274085], [25.044631, 60.273446], [25.044807, 60.272718], [25.045037, 60.272007], [25.045306, 60.271377], [25.046264, 60.271378], [25.046625, 60.271384], [25.046915, 60.271391], [25.047402, 60.271387], [25.047763, 60.271357], [25.049814, 60.271099], [25.050229, 60.271068], [25.050609, 60.271047], [25.051169, 60.271043], [25.051585, 60.271049], [25.052108, 60.271044], [25.052451, 60.271015], [25.052685, 60.270986], [25.052775, 60.270967], [25.052918, 60.270921], [25.053132, 60.270839], [25.053304, 60.270741], [25.053719, 60.270547], [25.054038, 60.270356], [25.054269, 60.270237], [25.054501, 60.270137], [25.054894, 60.270026], [25.055128, 60.269979], [25.055506, 60.269931], [25.055938, 60.269901], [25.056156, 60.269908], [25.058457, 60.270114], [25.05872, 60.270135], [25.059925, 60.270237], [25.060181, 60.270245], [25.061767, 60.269992], [25.061812, 60.269944], [25.061865, 60.269907], [25.061973, 60.269889], [25.062064, 60.269906], [25.062137, 60.269932], [25.06327, 60.269762], [25.063523, 60.269768], [25.063541, 60.269768], [25.063883, 60.269721], [25.064261, 60.269674], [25.064387, 60.269664], [25.064537, 60.26964], [25.064748, 60.269643], [25.065073, 60.26964], [25.065507, 60.269646], [25.06576, 60.269662], [25.067644, 60.26979], [25.068151, 60.269822], [25.068604, 60.269854], [25.068948, 60.269878], [25.069654, 60.269918], [25.071157, 60.270013], [25.072966, 60.27007], [25.073054, 60.270007], [25.073217, 60.269996], [25.073363, 60.270058], [25.073384, 60.27013], [25.073295, 60.270193], [25.073185, 60.270224], [25.073079, 60.270213], [25.072987, 60.270169], [25.072931, 60.270115], [25.072026, 60.27006]]}}, {"type": "Feature", "properties": {"shape_id": "1074N_20260606_2", "route_short_name": "74N", "route_long_name": "Rautatientori-Malmi-Tapanila-Puistola-Heikinlaakso", "route_type": "701", "color": "#4a148c", "point_count": 481}, "geometry": {"type": "LineString", "coordinates": [[25.072026, 60.27006], [25.071157, 60.270013], [25.069654, 60.269918], [25.06893, 60.269879], [25.06576, 60.269662], [25.065507, 60.269646], [25.065001, 60.269641], [25.06473, 60.269643], [25.064369, 60.269664], [25.063847, 60.26973], [25.063523, 60.269768], [25.063097, 60.269822], [25.062193, 60.269977], [25.062142, 60.270067], [25.062052, 60.270094], [25.061962, 60.270104], [25.061835, 60.270078], [25.061564, 60.270089], [25.060521, 60.270232], [25.059799, 60.270256], [25.059273, 60.270215], [25.058712, 60.270175], [25.058457, 60.270114], [25.056573, 60.269968], [25.056392, 60.269951], [25.05612, 60.269935], [25.055759, 60.269929], [25.055506, 60.26994], [25.05511, 60.269979], [25.054877, 60.270035], [25.054501, 60.270146], [25.054251, 60.270238], [25.054038, 60.270356], [25.053736, 60.270529], [25.053452, 60.270693], [25.053132, 60.270839], [25.052918, 60.270921], [25.052685, 60.270986], [25.052433, 60.271015], [25.052108, 60.271044], [25.051151, 60.271043], [25.050591, 60.271048], [25.050175, 60.271069], [25.049814, 60.271099], [25.047763, 60.271357], [25.047402, 60.271387], [25.046933, 60.271391], [25.046101, 60.27137], [25.045306, 60.271377], [25.045037, 60.272007], [25.044807, 60.272718], [25.044631, 60.273446], [25.044516, 60.273788], [25.044453, 60.274085], [25.044205, 60.274823], [25.044107, 60.275129], [25.044021, 60.275264], [25.043826, 60.2754], [25.043631, 60.27551], [25.043435, 60.275592], [25.043292, 60.275638], [25.042952, 60.275748], [25.041662, 60.2761], [25.040944, 60.276303], [25.040371, 60.27646], [25.039649, 60.276629], [25.03942, 60.276683], [25.037932, 60.277044], [25.036675, 60.277323], [25.035994, 60.27749], [25.035149, 60.277641], [25.034898, 60.277696], [25.034431, 60.27665], [25.034431, 60.276641], [25.03439, 60.276489], [25.034402, 60.276309], [25.034578, 60.276155], [25.035377, 60.2757], [25.035643, 60.275545], [25.035748, 60.275446], [25.035764, 60.275365], [25.035724, 60.275249], [25.035647, 60.275097], [25.035607, 60.274989], [25.035549, 60.274864], [25.035453, 60.274685], [25.035319, 60.274444], [25.035182, 60.274104], [25.03512, 60.273871], [25.034945, 60.273477], [25.034755, 60.273156], [25.034697, 60.273031], [25.03462, 60.27287], [25.03458, 60.272753], [25.03448, 60.27244], [25.034114, 60.271743], [25.034016, 60.27151], [25.033939, 60.27134], [25.033938, 60.271304], [25.032751, 60.26863], [25.032651, 60.268334], [25.032555, 60.268138], [25.032459, 60.267959], [25.03231, 60.267843], [25.032108, 60.267737], [25.031836, 60.267685], [25.031673, 60.267678], [25.031474, 60.26767], [25.030969, 60.267691], [25.030787, 60.267675], [25.030611, 60.267628], [25.030251, 60.267849], [25.029806, 60.268077], [25.02906, 60.268478], [25.028829, 60.268605], [25.028455, 60.26877], [25.028133, 60.26888], [25.027542, 60.269046], [25.027111, 60.26913], [25.026842, 60.269186], [25.026392, 60.269253], [25.024988, 60.269452], [25.024268, 60.269538], [25.02413, 60.269171], [25.02389, 60.26841], [25.023833, 60.268294], [25.02383, 60.268195], [25.02388, 60.268078], [25.024241, 60.267483], [25.024618, 60.266843], [25.024996, 60.266203], [25.02546, 60.265463], [25.025718, 60.265039], [25.025891, 60.264787], [25.02625, 60.264138], [25.026611, 60.263551], [25.026766, 60.263317], [25.026919, 60.263019], [25.027019, 60.262749], [25.02712, 60.262506], [25.027239, 60.262272], [25.027239, 60.262272], [25.026857, 60.262176], [25.026456, 60.262063], [25.026053, 60.261904], [25.024017, 60.260924], [25.022421, 60.260128], [25.022164, 60.259996], [25.021613, 60.260278], [25.021416, 60.260351], [25.021094, 60.260453], [25.020502, 60.260574], [25.020213, 60.260585], [25.019527, 60.26059], [25.018732, 60.260596], [25.018138, 60.260646], [25.017172, 60.260959], [25.016546, 60.261161], [25.015402, 60.261538], [25.013684, 60.26208], [25.013469, 60.262118], [25.013217, 60.262147], [25.013054, 60.262157], [25.012856, 60.262158], [25.012062, 60.262191], [25.01116, 60.262243], [25.01114, 60.262163], [25.01119, 60.262028], [25.011491, 60.261244], [25.01161, 60.261001], [25.011711, 60.260776], [25.01195, 60.260316], [25.012309, 60.259676], [25.012635, 60.259117], [25.012717, 60.25883], [25.01282, 60.258093], [25.013007, 60.257517], [25.013053, 60.257436], [25.013256, 60.257022], [25.013002, 60.256978], [25.011693, 60.256683], [25.01131, 60.25656], [25.011125, 60.256445], [25.010811, 60.256214], [25.01055, 60.255956], [25.010362, 60.255696], [25.010285, 60.255544], [25.010153, 60.255366], [25.009944, 60.255035], [25.009584, 60.25449], [25.00934, 60.254178], [25.009153, 60.253991], [25.00906, 60.253893], [25.008404, 60.253126], [25.008293, 60.253028], [25.007854, 60.252843], [25.007175, 60.252507], [25.006693, 60.252313], [25.006499, 60.252261], [25.00684, 60.252142], [25.007235, 60.251937], [25.008031, 60.251531], [25.008225, 60.251368], [25.00833, 60.25126], [25.008399, 60.25116], [25.008467, 60.251025], [25.008611, 60.250678], [25.008763, 60.250664], [25.009032, 60.250608], [25.009174, 60.250535], [25.009297, 60.250427], [25.009383, 60.250273], [25.00938, 60.250193], [25.009394, 60.250049], [25.0093, 60.249942], [25.009225, 60.249862], [25.009005, 60.249747], [25.008823, 60.249694], [25.008923, 60.249415], [25.009027, 60.249271], [25.009131, 60.249135], [25.009236, 60.249045], [25.009483, 60.248845], [25.009748, 60.248664], [25.010067, 60.248464], [25.01019, 60.248355], [25.01085, 60.247779], [25.011389, 60.247248], [25.011697, 60.246881], [25.011731, 60.2468], [25.011799, 60.246656], [25.011897, 60.246332], [25.011928, 60.246152], [25.01203, 60.245972], [25.01217, 60.2458], [25.012382, 60.245637], [25.0127, 60.245419], [25.013214, 60.245083], [25.013603, 60.244829], [25.013921, 60.244611], [25.014254, 60.244276], [25.014675, 60.243878], [25.015364, 60.243381], [25.015559, 60.24327], [25.015754, 60.243152], [25.016218, 60.242978], [25.017688, 60.242643], [25.018315, 60.242495], [25.018218, 60.242508], [25.018942, 60.242346], [25.019247, 60.242272], [25.020037, 60.24214], [25.020049, 60.241943], [25.020077, 60.241682], [25.020075, 60.241629], [25.02009, 60.241539], [25.02012, 60.241341], [25.020137, 60.241287], [25.020272, 60.240999], [25.020531, 60.240602], [25.02093, 60.240069], [25.021014, 60.239871], [25.021094, 60.239547], [25.021066, 60.239197], [25.021073, 60.238874], [25.021137, 60.238596], [25.021204, 60.238442], [25.021517, 60.238036], [25.021621, 60.237901], [25.021654, 60.237811], [25.021826, 60.237531], [25.021962, 60.237279], [25.022047, 60.237099], [25.022093, 60.236838], [25.022102, 60.236542], [25.022039, 60.236255], [25.021961, 60.236085], [25.021866, 60.235942], [25.021771, 60.235772], [25.021695, 60.235647], [25.021472, 60.23546], [25.021306, 60.235336], [25.021067, 60.235194], [25.020848, 60.235115], [25.020502, 60.23501], [25.019849, 60.234908], [25.016856, 60.234437], [25.015801, 60.234185], [25.014872, 60.233896], [25.014395, 60.233657], [25.013684, 60.233438], [25.013136, 60.233218], [25.012788, 60.233059], [25.012715, 60.233015], [25.01174, 60.232448], [25.011227, 60.232191], [25.01089, 60.231995], [25.010601, 60.231774], [25.010249, 60.231499], [25.010118, 60.231356], [25.009985, 60.231115], [25.009903, 60.230801], [25.009896, 60.230577], [25.010049, 60.23027], [25.010116, 60.230117], [25.010519, 60.22971], [25.010891, 60.229492], [25.010027, 60.229255], [25.009453, 60.229099], [25.009053, 60.228995], [25.008199, 60.228812], [25.007692, 60.228735], [25.007438, 60.228701], [25.006442, 60.228601], [25.005989, 60.228541], [25.005537, 60.228491], [25.00463, 60.228345], [25.004085, 60.228241], [25.003668, 60.228164], [25.003396, 60.228112], [25.002412, 60.227831], [25.00254, 60.227867], [25.001576, 60.227632], [25.000574, 60.227326], [24.999936, 60.227106], [24.99917, 60.226834], [24.998731, 60.226657], [24.998457, 60.226552], [24.997854, 60.226287], [24.99725, 60.226022], [24.996335, 60.225589], [24.99564, 60.225281], [24.99469, 60.224884], [24.993649, 60.224497], [24.992446, 60.224093], [24.991499, 60.223813], [24.990227, 60.22349], [24.989427, 60.22329], [24.988627, 60.223107], [24.98692, 60.222725], [24.985339, 60.222351], [24.983974, 60.221966], [24.98319, 60.221712], [24.982187, 60.221359], [24.981329, 60.220997], [24.980688, 60.220706], [24.980139, 60.220441], [24.979168, 60.219936], [24.978672, 60.219657], [24.977129, 60.218731], [24.976228, 60.218163], [24.975659, 60.217808], [24.975142, 60.217435], [24.97444, 60.216884], [24.97102, 60.21348], [24.970648, 60.213097], [24.970457, 60.212721], [24.969916, 60.212115], [24.969224, 60.211294], [24.96885, 60.210848], [24.968755, 60.210687], [24.968695, 60.21049], [24.968673, 60.210347], [24.968667, 60.210149], [24.968678, 60.209916], [24.968671, 60.209674], [24.968631, 60.20953], [24.96855, 60.209244], [24.968396, 60.208904], [24.968054, 60.207686], [24.967708, 60.206961], [24.967437, 60.206335], [24.967152, 60.205852], [24.966792, 60.20527], [24.966793, 60.205279], [24.966641, 60.20502], [24.966264, 60.204484], [24.965815, 60.203922], [24.965609, 60.203654], [24.965366, 60.203387], [24.965236, 60.203244], [24.965089, 60.203138], [24.964683, 60.202826], [24.964075, 60.202382], [24.963779, 60.202133], [24.96339, 60.201804], [24.963223, 60.201634], [24.962945, 60.201358], [24.962796, 60.201198], [24.96259, 60.200948], [24.962308, 60.200546], [24.962117, 60.200206], [24.962021, 60.199992], [24.961825, 60.199446], [24.96178, 60.199141], [24.961756, 60.198943], [24.961629, 60.198195], [24.961824, 60.197579], [24.962135, 60.197119], [24.962149, 60.196957], [24.962437, 60.196335], [24.962788, 60.19551], [24.963048, 60.195048], [24.964216, 60.193666], [24.964337, 60.193494], [24.964539, 60.193017], [24.96457, 60.192846], [24.964487, 60.191676], [24.964438, 60.19081], [24.964431, 60.190568], [24.964248, 60.189878], [24.964081, 60.189481], [24.963453, 60.188355], [24.963389, 60.188206], [24.963279, 60.188126], [24.963041, 60.188002], [24.962786, 60.187905], [24.962481, 60.187822], [24.962113, 60.187712], [24.961913, 60.187651], [24.961758, 60.187582], [24.961601, 60.187474], [24.961453, 60.18734], [24.96134, 60.187161], [24.961277, 60.186857], [24.96113, 60.186158], [24.960989, 60.185629], [24.960799, 60.185307], [24.960501, 60.184968], [24.959966, 60.18455], [24.958951, 60.183758], [24.958306, 60.183269], [24.956895, 60.182566], [24.956442, 60.182367], [24.955785, 60.182076], [24.954109, 60.181459], [24.95227, 60.180799], [24.951345, 60.18045], [24.950266, 60.18006], [24.950138, 60.179998], [24.950028, 60.179918], [24.949935, 60.179838], [24.949842, 60.17974], [24.949854, 60.179533], [24.949886, 60.179233], [24.949924, 60.178728], [24.949965, 60.178384], [24.94996, 60.178222], [24.949987, 60.177881], [24.949998, 60.177647], [24.950026, 60.17736], [24.950119, 60.176237], [24.950143, 60.175815], [24.95023, 60.175079], [24.950267, 60.174504], [24.950228, 60.174415], [24.950081, 60.174299], [24.949936, 60.174264], [24.94979, 60.174211], [24.949679, 60.174122], [24.949622, 60.173997], [24.94962, 60.173925], [24.949581, 60.173818], [24.949248, 60.173515], [24.949179, 60.173448], [24.949136, 60.173408], [24.948897, 60.173185], [24.948803, 60.173069], [24.948709, 60.172935], [24.948469, 60.17274], [24.947952, 60.172286], [24.947878, 60.172232], [24.947805, 60.172179], [24.947713, 60.172135], [24.947586, 60.172109], [24.946991, 60.172086], [24.945223, 60.172036], [24.944962, 60.17201], [24.944537, 60.17196], [24.944211, 60.171909], [24.94376, 60.171899]]}}, {"type": "Feature", "properties": {"shape_id": "1077_20251103_1", "route_short_name": "77", "route_long_name": "Rautatientori-Tattarisuo-Jakomäki", "route_type": "701", "color": "#8c564b", "point_count": 432}, "geometry": {"type": "LineString", "coordinates": [[24.943106, 60.17132], [24.943159, 60.171045], [24.943154, 60.170949], [24.943187, 60.170776], [24.943474, 60.170666], [24.943954, 60.170447], [24.94413, 60.170386], [24.944367, 60.1704], [24.944493, 60.170426], [24.944747, 60.170487], [24.945184, 60.170627], [24.945493, 60.170742], [24.946675, 60.17111], [24.947203, 60.171304], [24.947368, 60.171392], [24.947496, 60.171481], [24.947572, 60.171615], [24.947667, 60.171776], [24.947797, 60.171928], [24.948093, 60.172195], [24.948537, 60.172587], [24.948778, 60.172809], [24.949331, 60.173236], [24.949607, 60.173468], [24.9497, 60.173575], [24.94992, 60.173735], [24.950121, 60.173823], [24.950213, 60.173876], [24.950304, 60.173929], [24.950416, 60.174063], [24.950437, 60.174135], [24.950409, 60.174162], [24.95046, 60.174323], [24.950431, 60.174566], [24.950405, 60.174916], [24.95039, 60.175015], [24.950376, 60.175158], [24.950325, 60.175868], [24.950224, 60.176757], [24.950189, 60.176883], [24.95023, 60.176964], [24.950189, 60.177413], [24.950152, 60.177978], [24.950227, 60.178086], [24.950319, 60.178157], [24.950411, 60.178237], [24.950629, 60.178374], [24.950687, 60.178432], [24.950707, 60.178477], [24.950661, 60.178765], [24.950651, 60.178817], [24.9506, 60.179308], [24.95059, 60.179438], [24.950557, 60.179681], [24.950551, 60.17995], [24.950589, 60.180031], [24.950699, 60.180093], [24.951191, 60.180269], [24.951522, 60.180383], [24.952356, 60.180682], [24.95558, 60.181844], [24.95609, 60.182028], [24.956436, 60.182161], [24.956856, 60.182373], [24.957076, 60.182497], [24.957531, 60.182733], [24.957882, 60.182922], [24.95843, 60.183187], [24.958928, 60.183579], [24.959923, 60.184326], [24.960273, 60.184575], [24.960697, 60.184913], [24.961147, 60.185493], [24.961302, 60.18586], [24.961431, 60.186577], [24.961554, 60.187088], [24.961612, 60.187222], [24.961724, 60.187347], [24.961817, 60.187445], [24.961909, 60.187507], [24.961988, 60.187553], [24.962309, 60.18763], [24.962817, 60.187743], [24.963035, 60.187813], [24.963201, 60.187881], [24.963382, 60.187972], [24.963511, 60.18807], [24.963586, 60.188141], [24.96368, 60.188293], [24.963794, 60.188499], [24.963845, 60.188614], [24.963965, 60.188812], [24.964308, 60.189447], [24.964402, 60.189684], [24.964517, 60.189804], [24.964661, 60.190422], [24.964685, 60.191248], [24.964735, 60.192612], [24.96477, 60.192917], [24.964777, 60.193132], [24.964744, 60.193231], [24.964554, 60.193529], [24.964416, 60.193718], [24.964206, 60.193944], [24.96323, 60.195091], [24.963127, 60.195253], [24.962675, 60.196259], [24.962673, 60.19637], [24.962282, 60.197216], [24.962081, 60.197747], [24.961924, 60.198414], [24.961756, 60.198943], [24.961782, 60.19923], [24.961825, 60.199463], [24.961903, 60.199678], [24.962059, 60.200054], [24.962136, 60.200233], [24.962213, 60.200394], [24.962289, 60.200519], [24.962589, 60.20093], [24.962721, 60.2011], [24.962944, 60.201349], [24.96339, 60.201804], [24.963871, 60.202213], [24.964075, 60.202382], [24.965089, 60.203138], [24.965236, 60.203244], [24.965366, 60.203387], [24.965609, 60.203654], [24.965665, 60.203735], [24.965964, 60.204074], [24.966264, 60.204484], [24.966641, 60.20502], [24.966793, 60.205279], [24.966792, 60.20527], [24.967152, 60.205852], [24.967437, 60.206335], [24.968054, 60.207686], [24.968175, 60.208125], [24.968396, 60.208904], [24.96855, 60.209244], [24.968631, 60.20953], [24.968671, 60.209674], [24.968678, 60.209916], [24.968667, 60.210149], [24.968673, 60.210347], [24.968695, 60.21049], [24.968755, 60.210687], [24.96885, 60.210848], [24.969224, 60.211294], [24.969897, 60.212097], [24.970419, 60.212668], [24.970773, 60.213069], [24.971164, 60.21347], [24.97207, 60.214217], [24.973928, 60.216017], [24.974448, 60.216533], [24.974948, 60.216979], [24.975428, 60.217334], [24.975944, 60.217707], [24.976496, 60.218071], [24.977343, 60.218621], [24.977748, 60.218897], [24.978721, 60.219464], [24.979069, 60.21964], [24.979876, 60.220075], [24.980388, 60.220322], [24.980919, 60.220579], [24.981559, 60.22087], [24.982418, 60.221214], [24.983384, 60.221558], [24.98415, 60.221812], [24.98506, 60.222084], [24.985514, 60.222197], [24.987059, 60.222571], [24.988767, 60.222962], [24.990493, 60.223362], [24.991712, 60.223685], [24.99255, 60.223939], [24.993826, 60.224361], [24.994848, 60.224739], [24.995853, 60.225153], [24.996566, 60.225462], [24.997499, 60.225895], [24.99814, 60.226195], [24.998707, 60.226451], [24.999401, 60.226715], [24.999821, 60.226883], [25.000095, 60.226979], [25.000733, 60.22719], [25.001115, 60.227304], [25.001896, 60.227459], [25.003058, 60.227702], [25.00382, 60.227822], [25.004201, 60.227882], [25.005251, 60.227999], [25.006083, 60.228074], [25.00668, 60.228114], [25.00771, 60.228151], [25.009298, 60.228175], [25.010327, 60.228177], [25.011085, 60.228171], [25.01177, 60.228148], [25.01181, 60.228291], [25.011814, 60.22839], [25.011772, 60.228628], [25.011735, 60.228759], [25.011614, 60.228948], [25.011456, 60.229093], [25.011156, 60.22932], [25.010891, 60.229492], [25.010538, 60.229737], [25.010344, 60.2299], [25.010152, 60.230099], [25.010049, 60.23027], [25.010019, 60.230468], [25.010011, 60.230809], [25.010033, 60.230917], [25.010056, 60.231069], [25.010133, 60.231239], [25.010209, 60.231355], [25.010321, 60.231471], [25.01058, 60.231676], [25.011262, 60.232137], [25.01174, 60.232448], [25.012549, 60.232899], [25.012788, 60.233059], [25.013136, 60.233227], [25.013702, 60.233438], [25.014413, 60.233657], [25.014872, 60.233896], [25.015801, 60.234185], [25.016856, 60.234437], [25.018597, 60.23472], [25.019849, 60.234908], [25.02012, 60.234941], [25.02052, 60.23501], [25.020848, 60.235115], [25.021067, 60.235194], [25.021324, 60.235336], [25.021491, 60.235469], [25.021695, 60.235656], [25.021771, 60.235772], [25.021961, 60.236085], [25.022039, 60.236255], [25.022102, 60.236542], [25.02209, 60.236748], [25.022093, 60.236838], [25.022047, 60.23709], [25.021996, 60.237189], [25.021963, 60.237297], [25.021792, 60.237594], [25.021654, 60.237811], [25.021517, 60.238036], [25.021187, 60.238452], [25.021137, 60.238605], [25.021074, 60.238883], [25.021066, 60.239197], [25.021094, 60.239547], [25.021015, 60.239889], [25.020863, 60.240146], [25.020879, 60.240159], [25.020723, 60.240394], [25.020531, 60.240602], [25.020272, 60.240999], [25.020137, 60.241287], [25.02012, 60.241341], [25.02009, 60.241539], [25.020075, 60.241629], [25.020077, 60.241682], [25.020049, 60.241943], [25.020037, 60.24214], [25.020117, 60.242391], [25.020119, 60.242445], [25.020104, 60.242535], [25.02009, 60.242688], [25.020077, 60.24284], [25.020118, 60.243001], [25.020214, 60.243171], [25.020437, 60.243394], [25.020787, 60.243625], [25.021245, 60.243828], [25.021646, 60.243941], [25.021991, 60.244001], [25.022678, 60.244032], [25.023507, 60.24399], [25.024333, 60.243858], [25.024764, 60.243755], [25.025371, 60.243535], [25.0261, 60.24318], [25.026757, 60.242824], [25.027293, 60.242623], [25.02783, 60.242494], [25.028136, 60.242456], [25.028244, 60.242446], [25.028641, 60.242425], [25.029075, 60.242466], [25.029437, 60.242499], [25.029836, 60.242559], [25.033499, 60.243617], [25.033735, 60.243678], [25.034208, 60.2438], [25.034663, 60.243895], [25.03499, 60.243955], [25.03528, 60.243998], [25.03557, 60.24404], [25.035804, 60.244003], [25.036111, 60.244018], [25.03669, 60.244041], [25.037123, 60.244046], [25.037556, 60.244043], [25.037917, 60.24404], [25.038369, 60.244036], [25.038911, 60.244059], [25.039418, 60.244109], [25.039617, 60.244134], [25.040798, 60.244358], [25.040073, 60.244207], [25.041289, 60.244453], [25.041834, 60.244566], [25.043816, 60.244999], [25.04578, 60.245441], [25.047477, 60.245828], [25.047567, 60.245823], [25.050525, 60.246454], [25.051907, 60.246748], [25.053524, 60.247058], [25.054232, 60.247196], [25.054905, 60.247352], [25.055378, 60.247447], [25.05596, 60.247577], [25.056057, 60.2476], [25.056653, 60.247779], [25.057073, 60.247937], [25.057457, 60.248096], [25.057843, 60.248281], [25.058137, 60.248449], [25.058487, 60.248671], [25.058839, 60.248929], [25.059267, 60.249329], [25.059545, 60.249551], [25.059918, 60.249916], [25.061834, 60.251642], [25.062206, 60.251962], [25.062559, 60.252283], [25.062745, 60.252461], [25.062859, 60.252612], [25.062972, 60.252773], [25.063105, 60.252969], [25.063018, 60.25306], [25.063152, 60.25331], [25.063374, 60.254026], [25.063614, 60.254733], [25.063939, 60.255853], [25.064003, 60.256148], [25.064104, 60.25648], [25.064172, 60.256883], [25.064209, 60.257466], [25.064239, 60.258399], [25.06436, 60.258793], [25.064439, 60.258981], [25.064717, 60.259349], [25.064982, 60.259623], [25.065169, 60.259819], [25.065354, 60.259952], [25.065723, 60.260192], [25.06611, 60.260413], [25.066368, 60.260572], [25.066608, 60.260714], [25.067107, 60.261078], [25.067424, 60.261372], [25.068008, 60.262103], [25.068308, 60.262433], [25.068762, 60.263019], [25.068977, 60.26302], [25.069159, 60.263063], [25.070658, 60.262936], [25.074205, 60.262655], [25.075141, 60.262567], [25.07518, 60.262629], [25.075123, 60.262567], [25.075933, 60.262453], [25.076071, 60.262386], [25.076219, 60.26237], [25.076381, 60.262359], [25.076615, 60.262331], [25.076741, 60.262321], [25.077118, 60.262255], [25.077586, 60.262206], [25.078055, 60.262166], [25.078523, 60.262126], [25.079261, 60.262049], [25.079927, 60.261962], [25.080579, 60.261854], [25.081365, 60.261753], [25.081688, 60.261688], [25.082209, 60.261585], [25.0828, 60.261436], [25.08305, 60.261362], [25.083353, 60.261234], [25.083655, 60.261088], [25.083797, 60.261015], [25.08401, 60.260888], [25.084274, 60.260688], [25.084468, 60.260525], [25.084607, 60.260362], [25.084657, 60.260236], [25.084893, 60.260279], [25.085219, 60.260295], [25.085527, 60.260328], [25.086, 60.260427], [25.085985, 60.260531], [25.085988, 60.26062], [25.086109, 60.260996], [25.086265, 60.261345], [25.086471, 60.262097], [25.086574, 60.263021], [25.086581, 60.263254], [25.086526, 60.263766], [25.086501, 60.26409], [25.08649, 60.264314], [25.086442, 60.264485], [25.086391, 60.264593], [25.086302, 60.264621], [25.086176, 60.264631], [25.085382, 60.264664], [25.085148, 60.264684], [25.085035, 60.264687], [25.084697, 60.264715], [25.084516, 60.264707], [25.084352, 60.264673], [25.083989, 60.264438]]}}, {"type": "Feature", "properties": {"shape_id": "1077_20251103_2", "route_short_name": "77", "route_long_name": "Rautatientori-Tattarisuo-Jakomäki", "route_type": "701", "color": "#8c564b", "point_count": 404}, "geometry": {"type": "LineString", "coordinates": [[25.083989, 60.264438], [25.083872, 60.264345], [25.083834, 60.264309], [25.083815, 60.264282], [25.083833, 60.264255], [25.084101, 60.264163], [25.084227, 60.264171], [25.084355, 60.264206], [25.084873, 60.264561], [25.085035, 60.264687], [25.085166, 60.264684], [25.0854, 60.264664], [25.086302, 60.264621], [25.086391, 60.264593], [25.086442, 60.264485], [25.08649, 60.264314], [25.086501, 60.26409], [25.086526, 60.263766], [25.086581, 60.263254], [25.086574, 60.263021], [25.086499, 60.262393], [25.086471, 60.262106], [25.086388, 60.261793], [25.086265, 60.261345], [25.08603, 60.260791], [25.085988, 60.26062], [25.085985, 60.260531], [25.086, 60.260427], [25.085527, 60.260328], [25.085219, 60.260295], [25.084893, 60.260279], [25.084802, 60.260262], [25.084607, 60.260362], [25.084468, 60.260525], [25.084274, 60.260688], [25.084028, 60.260879], [25.083797, 60.261015], [25.083638, 60.261106], [25.083353, 60.261234], [25.08305, 60.261362], [25.082657, 60.261491], [25.082209, 60.261585], [25.081688, 60.261697], [25.081347, 60.261753], [25.080538, 60.261868], [25.079909, 60.261963], [25.079387, 60.26203], [25.079099, 60.26206], [25.078649, 60.262116], [25.078487, 60.262136], [25.078037, 60.262166], [25.077568, 60.262206], [25.0771, 60.262255], [25.076867, 60.262293], [25.076741, 60.262321], [25.076653, 60.262375], [25.076403, 60.262467], [25.076386, 60.262512], [25.07628, 60.262567], [25.076135, 60.262568], [25.076026, 60.262533], [25.075593, 60.262572], [25.07518, 60.262629], [25.074856, 60.262686], [25.074371, 60.262753], [25.071884, 60.26296], [25.069395, 60.263097], [25.069162, 60.263144], [25.069145, 60.263189], [25.069057, 60.263261], [25.068895, 60.263263], [25.068768, 60.263264], [25.068603, 60.263175], [25.068654, 60.263085], [25.068762, 60.263019], [25.068779, 60.26303], [25.06844, 60.262611], [25.068008, 60.262103], [25.067424, 60.261372], [25.067107, 60.261078], [25.066589, 60.260714], [25.066368, 60.260563], [25.066092, 60.260413], [25.065521, 60.260068], [25.065336, 60.259943], [25.065169, 60.259819], [25.064777, 60.259427], [25.064439, 60.258981], [25.06436, 60.258793], [25.064239, 60.258399], [25.064215, 60.25822], [25.064192, 60.257502], [25.064154, 60.256892], [25.064086, 60.256471], [25.063939, 60.255853], [25.063798, 60.255387], [25.063716, 60.255101], [25.063614, 60.254724], [25.063152, 60.25331], [25.062978, 60.252943], [25.062731, 60.252586], [25.062636, 60.252417], [25.062449, 60.25223], [25.062115, 60.251954], [25.061708, 60.251643], [25.06102, 60.251047], [25.060201, 60.2503], [25.059773, 60.249908], [25.058676, 60.24893], [25.058343, 60.248672], [25.057993, 60.248469], [25.057607, 60.248247], [25.057058, 60.248018], [25.056637, 60.247869], [25.055785, 60.247616], [25.054781, 60.247416], [25.050728, 60.246587], [25.0494, 60.246301], [25.047746, 60.245946], [25.04606, 60.245607], [25.04591, 60.245557], [25.045674, 60.245514], [25.045202, 60.245428], [25.044383, 60.245237], [25.043436, 60.244993], [25.041565, 60.244613], [25.040746, 60.244431], [25.040329, 60.244353], [25.040038, 60.244282], [25.039783, 60.244241], [25.039529, 60.244189], [25.038822, 60.244114], [25.038316, 60.244091], [25.038081, 60.244066], [25.037124, 60.244082], [25.036872, 60.244093], [25.036637, 60.244104], [25.036385, 60.244106], [25.03615, 60.244108], [25.035843, 60.244092], [25.03557, 60.24404], [25.035262, 60.243998], [25.034445, 60.24387], [25.033735, 60.243687], [25.032533, 60.243328], [25.031294, 60.24297], [25.029836, 60.242559], [25.029601, 60.242525], [25.029437, 60.242499], [25.029075, 60.242466], [25.028641, 60.242425], [25.028154, 60.242447], [25.02783, 60.242494], [25.027633, 60.24254], [25.027275, 60.242623], [25.026739, 60.242825], [25.0261, 60.24318], [25.025371, 60.243535], [25.024764, 60.243755], [25.024333, 60.243858], [25.023507, 60.24399], [25.022696, 60.244032], [25.021991, 60.244001], [25.021646, 60.243941], [25.021245, 60.243828], [25.020787, 60.243625], [25.020437, 60.243394], [25.020214, 60.243171], [25.020118, 60.243001], [25.020077, 60.242831], [25.02009, 60.242688], [25.020088, 60.242625], [25.020119, 60.242445], [25.020117, 60.242391], [25.020037, 60.24214], [25.020049, 60.241943], [25.020077, 60.241682], [25.020075, 60.241629], [25.02009, 60.241539], [25.02012, 60.241341], [25.020137, 60.241287], [25.020272, 60.240999], [25.020531, 60.240602], [25.02093, 60.240069], [25.021014, 60.239871], [25.021094, 60.239547], [25.021066, 60.239197], [25.021073, 60.238874], [25.021137, 60.238596], [25.021204, 60.238442], [25.021517, 60.238036], [25.021621, 60.237901], [25.021654, 60.237811], [25.021826, 60.237531], [25.021962, 60.237279], [25.022047, 60.237099], [25.022093, 60.236838], [25.022102, 60.236542], [25.022039, 60.236255], [25.021961, 60.236085], [25.021866, 60.235942], [25.021771, 60.235772], [25.021695, 60.235647], [25.021472, 60.23546], [25.021306, 60.235336], [25.021067, 60.235194], [25.020848, 60.235115], [25.020502, 60.23501], [25.019849, 60.234908], [25.016856, 60.234437], [25.015801, 60.234185], [25.014872, 60.233896], [25.014395, 60.233657], [25.013684, 60.233438], [25.013136, 60.233218], [25.012788, 60.233059], [25.012715, 60.233015], [25.01174, 60.232448], [25.011227, 60.232191], [25.01089, 60.231995], [25.010601, 60.231774], [25.010249, 60.231499], [25.010118, 60.231356], [25.009985, 60.231115], [25.009903, 60.230801], [25.009896, 60.230577], [25.010049, 60.23027], [25.010116, 60.230117], [25.010519, 60.22971], [25.010891, 60.229492], [25.010027, 60.229255], [25.009453, 60.229099], [25.009053, 60.228995], [25.008199, 60.228812], [25.007692, 60.228735], [25.007438, 60.228701], [25.006442, 60.228601], [25.005989, 60.228541], [25.005537, 60.228491], [25.00463, 60.228345], [25.004085, 60.228241], [25.003668, 60.228164], [25.003396, 60.228112], [25.002412, 60.227831], [25.00254, 60.227867], [25.001576, 60.227632], [25.000574, 60.227326], [24.999936, 60.227106], [24.99917, 60.226834], [24.998731, 60.226657], [24.998457, 60.226552], [24.997854, 60.226287], [24.99725, 60.226022], [24.996335, 60.225589], [24.99564, 60.225281], [24.99469, 60.224884], [24.993649, 60.224497], [24.992446, 60.224093], [24.991499, 60.223813], [24.990227, 60.22349], [24.989427, 60.22329], [24.988627, 60.223107], [24.98692, 60.222725], [24.985339, 60.222351], [24.983974, 60.221966], [24.98319, 60.221712], [24.982187, 60.221359], [24.981329, 60.220997], [24.980688, 60.220706], [24.980139, 60.220441], [24.979168, 60.219936], [24.978672, 60.219657], [24.977129, 60.218731], [24.976228, 60.218163], [24.975659, 60.217808], [24.975142, 60.217435], [24.97444, 60.216884], [24.97102, 60.21348], [24.970648, 60.213097], [24.970457, 60.212721], [24.969916, 60.212115], [24.969224, 60.211294], [24.96885, 60.210848], [24.968755, 60.210687], [24.968695, 60.21049], [24.968673, 60.210347], [24.968667, 60.210149], [24.968678, 60.209916], [24.968671, 60.209674], [24.968631, 60.20953], [24.96855, 60.209244], [24.968396, 60.208904], [24.968054, 60.207686], [24.967708, 60.206961], [24.967437, 60.206335], [24.967152, 60.205852], [24.966792, 60.20527], [24.966793, 60.205279], [24.966641, 60.20502], [24.966264, 60.204484], [24.965815, 60.203922], [24.965609, 60.203654], [24.965366, 60.203387], [24.965236, 60.203244], [24.965089, 60.203138], [24.964683, 60.202826], [24.964075, 60.202382], [24.963779, 60.202133], [24.96339, 60.201804], [24.963223, 60.201634], [24.962945, 60.201358], [24.962796, 60.201198], [24.96259, 60.200948], [24.962308, 60.200546], [24.962117, 60.200206], [24.962021, 60.199992], [24.961825, 60.199446], [24.96178, 60.199141], [24.961756, 60.198943], [24.961629, 60.198195], [24.961824, 60.197579], [24.962135, 60.197119], [24.962149, 60.196957], [24.962437, 60.196335], [24.962788, 60.19551], [24.963048, 60.195048], [24.964216, 60.193666], [24.964337, 60.193494], [24.964539, 60.193017], [24.96457, 60.192846], [24.964487, 60.191676], [24.964438, 60.19081], [24.964431, 60.190568], [24.964248, 60.189878], [24.964081, 60.189481], [24.963453, 60.188355], [24.963389, 60.188206], [24.963279, 60.188126], [24.963041, 60.188002], [24.962786, 60.187905], [24.962481, 60.187822], [24.962113, 60.187712], [24.961913, 60.187651], [24.961758, 60.187582], [24.961601, 60.187474], [24.961453, 60.18734], [24.96134, 60.187161], [24.961277, 60.186857], [24.96113, 60.186158], [24.960989, 60.185629], [24.960799, 60.185307], [24.960501, 60.184968], [24.959966, 60.18455], [24.958951, 60.183758], [24.958306, 60.183269], [24.956895, 60.182566], [24.956442, 60.182367], [24.955785, 60.182076], [24.954109, 60.181459], [24.95227, 60.180799], [24.951345, 60.18045], [24.950266, 60.18006], [24.950138, 60.179998], [24.950028, 60.179918], [24.949935, 60.179838], [24.949842, 60.17974], [24.949854, 60.179533], [24.949886, 60.179233], [24.949924, 60.178728], [24.949965, 60.178384], [24.94996, 60.178222], [24.949987, 60.177881], [24.949998, 60.177647], [24.950026, 60.17736], [24.950119, 60.176237], [24.950143, 60.175815], [24.95023, 60.175079], [24.950267, 60.174504], [24.950228, 60.174415], [24.950081, 60.174299], [24.949936, 60.174264], [24.94979, 60.174211], [24.949679, 60.174122], [24.949622, 60.173997], [24.94962, 60.173925], [24.949581, 60.173818], [24.949248, 60.173515], [24.949179, 60.173448], [24.949136, 60.173408], [24.948897, 60.173185], [24.948803, 60.173069], [24.948709, 60.172935], [24.948469, 60.17274], [24.947952, 60.172286], [24.947878, 60.172232], [24.947805, 60.172179], [24.947713, 60.172135], [24.947586, 60.172109], [24.946991, 60.172086], [24.945223, 60.172036], [24.944962, 60.17201], [24.944537, 60.17196], [24.944211, 60.171909], [24.94376, 60.171899]]}}, {"type": "Feature", "properties": {"shape_id": "1078_20251103_1", "route_short_name": "78", "route_long_name": "Rautatientori-Viikki-Latokartano", "route_type": "701", "color": "#e377c2", "point_count": 343}, "geometry": {"type": "LineString", "coordinates": [[24.943267, 60.170736], [24.943954, 60.170447], [24.94413, 60.170386], [24.944367, 60.1704], [24.944493, 60.170426], [24.944747, 60.170487], [24.945184, 60.170627], [24.945493, 60.170742], [24.946675, 60.17111], [24.947203, 60.171304], [24.947368, 60.171392], [24.947496, 60.171481], [24.947572, 60.171615], [24.947667, 60.171776], [24.947797, 60.171928], [24.948093, 60.172195], [24.948537, 60.172587], [24.948778, 60.172809], [24.949331, 60.173236], [24.949607, 60.173468], [24.9497, 60.173575], [24.94992, 60.173735], [24.950121, 60.173823], [24.950213, 60.173876], [24.950304, 60.173929], [24.950416, 60.174063], [24.950437, 60.174135], [24.950409, 60.174162], [24.95046, 60.174323], [24.950431, 60.174566], [24.950405, 60.174916], [24.95039, 60.175015], [24.950376, 60.175158], [24.950325, 60.175868], [24.950224, 60.176757], [24.950189, 60.176883], [24.95023, 60.176964], [24.950189, 60.177413], [24.950152, 60.177978], [24.950227, 60.178086], [24.950319, 60.178157], [24.950411, 60.178237], [24.950629, 60.178374], [24.950687, 60.178432], [24.950707, 60.178477], [24.950661, 60.178765], [24.950651, 60.178817], [24.9506, 60.179308], [24.95059, 60.179438], [24.950557, 60.179681], [24.950551, 60.17995], [24.950589, 60.180031], [24.950699, 60.180093], [24.951191, 60.180269], [24.951522, 60.180383], [24.952356, 60.180682], [24.95558, 60.181844], [24.95609, 60.182028], [24.956436, 60.182161], [24.956856, 60.182373], [24.957076, 60.182497], [24.957531, 60.182733], [24.957882, 60.182922], [24.95843, 60.183187], [24.958928, 60.183579], [24.959923, 60.184326], [24.960273, 60.184575], [24.960697, 60.184913], [24.961147, 60.185493], [24.961302, 60.18586], [24.961431, 60.186577], [24.961554, 60.187088], [24.961612, 60.187222], [24.961724, 60.187347], [24.961817, 60.187445], [24.961909, 60.187507], [24.961988, 60.187553], [24.962309, 60.18763], [24.962817, 60.187743], [24.963035, 60.187813], [24.963201, 60.187881], [24.963382, 60.187972], [24.963511, 60.18807], [24.963586, 60.188141], [24.96368, 60.188293], [24.963794, 60.188499], [24.963845, 60.188614], [24.963965, 60.188812], [24.964308, 60.189447], [24.964402, 60.189684], [24.964517, 60.189804], [24.964661, 60.190422], [24.964685, 60.191248], [24.964735, 60.192612], [24.96477, 60.192917], [24.964777, 60.193132], [24.964744, 60.193231], [24.964554, 60.193529], [24.964416, 60.193718], [24.964206, 60.193944], [24.96323, 60.195091], [24.963127, 60.195253], [24.962675, 60.196259], [24.962673, 60.19637], [24.962282, 60.197216], [24.962081, 60.197747], [24.961924, 60.198414], [24.961756, 60.198943], [24.961782, 60.19923], [24.961825, 60.199463], [24.961903, 60.199678], [24.962059, 60.200054], [24.962136, 60.200233], [24.962213, 60.200394], [24.962289, 60.200519], [24.962589, 60.20093], [24.962721, 60.2011], [24.962944, 60.201349], [24.96339, 60.201804], [24.963871, 60.202213], [24.964075, 60.202382], [24.965089, 60.203138], [24.965236, 60.203244], [24.965366, 60.203387], [24.965609, 60.203654], [24.965665, 60.203735], [24.965964, 60.204074], [24.966264, 60.204484], [24.966641, 60.20502], [24.966793, 60.205279], [24.966792, 60.20527], [24.967152, 60.205852], [24.967437, 60.206335], [24.968054, 60.207686], [24.968175, 60.208125], [24.968396, 60.208904], [24.96855, 60.209244], [24.968631, 60.20953], [24.968671, 60.209674], [24.968678, 60.209916], [24.968667, 60.210149], [24.968673, 60.210347], [24.968695, 60.21049], [24.968755, 60.210687], [24.96885, 60.210848], [24.969224, 60.211294], [24.969897, 60.212097], [24.970419, 60.212668], [24.970773, 60.213069], [24.971164, 60.21347], [24.97207, 60.214217], [24.972346, 60.214404], [24.972661, 60.214689], [24.972865, 60.214867], [24.973087, 60.215036], [24.973271, 60.21516], [24.973638, 60.215391], [24.974098, 60.215683], [24.974447, 60.215896], [24.974741, 60.216083], [24.975199, 60.216322], [24.975604, 60.216579], [24.975972, 60.216818], [24.978121, 60.216892], [24.979793, 60.216947], [24.980072, 60.216995], [24.981069, 60.217167], [24.981795, 60.217314], [24.982231, 60.217391], [24.98263, 60.21746], [24.983029, 60.217547], [24.983484, 60.21766], [24.98383, 60.217765], [24.984267, 60.217906], [24.984686, 60.218046], [24.985416, 60.218337], [24.986112, 60.218673], [24.986898, 60.219009], [24.986934, 60.219027], [24.988178, 60.219574], [24.98955, 60.220201], [24.989789, 60.220352], [24.990139, 60.22061], [24.99051, 60.220948], [24.990936, 60.221313], [24.991211, 60.221454], [24.991596, 60.221631], [24.991924, 60.221763], [24.992419, 60.221993], [24.992894, 60.222205], [24.992901, 60.222212], [24.993536, 60.222541], [24.993884, 60.222718], [24.994178, 60.222886], [24.994435, 60.223046], [24.99475, 60.223304], [24.995476, 60.224052], [24.995885, 60.224426], [24.996087, 60.224559], [24.996383, 60.224781], [24.996695, 60.224967], [24.997597, 60.225553], [24.999136, 60.226331], [25.001307, 60.227078], [25.002052, 60.227243], [25.002451, 60.227311], [25.002848, 60.227326], [25.003209, 60.227324], [25.003461, 60.227304], [25.003677, 60.227275], [25.004125, 60.2272], [25.004435, 60.227113], [25.004842, 60.227042], [25.005326, 60.226922], [25.005737, 60.226793], [25.00629, 60.226582], [25.007217, 60.226216], [25.007482, 60.226035], [25.007714, 60.225934], [25.008326, 60.225849], [25.008288, 60.225804], [25.008286, 60.22575], [25.008321, 60.225705], [25.008428, 60.225659], [25.008554, 60.225649], [25.008663, 60.225667], [25.008737, 60.22572], [25.008757, 60.2258], [25.008705, 60.225864], [25.00867, 60.225891], [25.008872, 60.226024], [25.009054, 60.226058], [25.009218, 60.226129], [25.009311, 60.2262], [25.009772, 60.226565], [25.010032, 60.226805], [25.010291, 60.227009], [25.01042, 60.227089], [25.010621, 60.227186], [25.010804, 60.227248], [25.010967, 60.227274], [25.011111, 60.227272], [25.011237, 60.227263], [25.013138, 60.226995], [25.013489, 60.226946], [25.014113, 60.226856], [25.0144, 60.226817], [25.014687, 60.226761], [25.014956, 60.226688], [25.015206, 60.226596], [25.015437, 60.226495], [25.01565, 60.226368], [25.015826, 60.226232], [25.015949, 60.226114], [25.016036, 60.226024], [25.016488, 60.225482], [25.016575, 60.225356], [25.016869, 60.224941], [25.016778, 60.224932], [25.016669, 60.224897], [25.016612, 60.224826], [25.016628, 60.224745], [25.016681, 60.224709], [25.016752, 60.224681], [25.016932, 60.224662], [25.017096, 60.224696], [25.01715, 60.224714], [25.01724, 60.224704], [25.017886, 60.224583], [25.018191, 60.224544], [25.019721, 60.224232], [25.021241, 60.223955], [25.021635, 60.224446], [25.021935, 60.224803], [25.022233, 60.225097], [25.022399, 60.225239], [25.022783, 60.22538], [25.023238, 60.225511], [25.023983, 60.225693], [25.024129, 60.225728], [25.024275, 60.225781], [25.024367, 60.225825], [25.024568, 60.225931], [25.024956, 60.226215], [25.025493, 60.226633], [25.025788, 60.226837], [25.026064, 60.227024], [25.026358, 60.227192], [25.026541, 60.227271], [25.026724, 60.227333], [25.027124, 60.227455], [25.027271, 60.227517], [25.027491, 60.227641], [25.027621, 60.227748], [25.027751, 60.227881], [25.027883, 60.22806], [25.028132, 60.228516], [25.028783, 60.229275], [25.030129, 60.2306], [25.030279, 60.230788], [25.030524, 60.231127], [25.030619, 60.23127], [25.031059, 60.232056], [25.031049, 60.232891], [25.031037, 60.23308], [25.031006, 60.233241], [25.030991, 60.23334], [25.030855, 60.233593], [25.030784, 60.233638], [25.030573, 60.233819], [25.031284, 60.234038], [25.032304, 60.234326], [25.032777, 60.234457], [25.033032, 60.234518], [25.033159, 60.234553], [25.033705, 60.234692], [25.03465, 60.234891], [25.035194, 60.234986], [25.035992, 60.235096], [25.037442, 60.235274], [25.038401, 60.235357], [25.039141, 60.235369], [25.040421, 60.235323], [25.041033, 60.235264], [25.041698, 60.235151], [25.043025, 60.23488], [25.043919, 60.234622], [25.044401, 60.234466], [25.04547, 60.234017], [25.045773, 60.233907], [25.047212, 60.233151], [25.048077, 60.232746], [25.047318, 60.232377], [25.046598, 60.232025], [25.046488, 60.231972], [25.046389, 60.231694], [25.046278, 60.231615], [25.043176, 60.230526], [25.043121, 60.2305], [25.043101, 60.230455], [25.043241, 60.23031], [25.043406, 60.230381], [25.0436, 60.230626]]}}, {"type": "Feature", "properties": {"shape_id": "1078_20251103_2", "route_short_name": "78", "route_long_name": "Rautatientori-Viikki-Latokartano", "route_type": "701", "color": "#e377c2", "point_count": 311}, "geometry": {"type": "LineString", "coordinates": [[25.0436, 60.230626], [25.043705, 60.23071], [25.046278, 60.231615], [25.046334, 60.23165], [25.046389, 60.231694], [25.046488, 60.231972], [25.046562, 60.232007], [25.047645, 60.232533], [25.048077, 60.232746], [25.04723, 60.233151], [25.045773, 60.233907], [25.044883, 60.2343], [25.044544, 60.234402], [25.044383, 60.234466], [25.043919, 60.234631], [25.043025, 60.23488], [25.041662, 60.23516], [25.041033, 60.235255], [25.040439, 60.235314], [25.039141, 60.235369], [25.038383, 60.235357], [25.037442, 60.235274], [25.036862, 60.235207], [25.035992, 60.235096], [25.035575, 60.235046], [25.035158, 60.234986], [25.03465, 60.234891], [25.033705, 60.234692], [25.032905, 60.234492], [25.032613, 60.234414], [25.032431, 60.23437], [25.031776, 60.234187], [25.030573, 60.233819], [25.030873, 60.233592], [25.030994, 60.233439], [25.031045, 60.233331], [25.031041, 60.233196], [25.031034, 60.232999], [25.031047, 60.23281], [25.031059, 60.232056], [25.030448, 60.230984], [25.030185, 60.230663], [25.029999, 60.230485], [25.028783, 60.229275], [25.028132, 60.228516], [25.02796, 60.228203], [25.027751, 60.227872], [25.027602, 60.22773], [25.027473, 60.227641], [25.027252, 60.227508], [25.027106, 60.227446], [25.026687, 60.227315], [25.026541, 60.227271], [25.026358, 60.227183], [25.02623, 60.227121], [25.026101, 60.227041], [25.025769, 60.22682], [25.025474, 60.226615], [25.024569, 60.225949], [25.02433, 60.225816], [25.024111, 60.225728], [25.023584, 60.225616], [25.023238, 60.225511], [25.022783, 60.22538], [25.022417, 60.225239], [25.022233, 60.225097], [25.021935, 60.224803], [25.021597, 60.224392], [25.021241, 60.223955], [25.020236, 60.224152], [25.019721, 60.224232], [25.018191, 60.224544], [25.017368, 60.224757], [25.017189, 60.224812], [25.017155, 60.224875], [25.017049, 60.22493], [25.016905, 60.224949], [25.016697, 60.22522], [25.016405, 60.22555], [25.016262, 60.225753], [25.016036, 60.226024], [25.015949, 60.226114], [25.015826, 60.226232], [25.01565, 60.226368], [25.015419, 60.226504], [25.015206, 60.226596], [25.014956, 60.226688], [25.014687, 60.226761], [25.0144, 60.226817], [25.014113, 60.226865], [25.013489, 60.226946], [25.012688, 60.22706], [25.011436, 60.227235], [25.011273, 60.227263], [25.011093, 60.227273], [25.010967, 60.227274], [25.010804, 60.227248], [25.010621, 60.227186], [25.010402, 60.22708], [25.010291, 60.227], [25.010032, 60.226805], [25.009772, 60.226574], [25.009311, 60.226191], [25.0092, 60.226129], [25.009036, 60.226059], [25.008872, 60.226024], [25.00867, 60.225891], [25.008562, 60.225901], [25.008472, 60.225901], [25.008399, 60.225884], [25.008326, 60.225849], [25.007731, 60.225925], [25.007482, 60.226035], [25.007217, 60.226216], [25.005737, 60.226793], [25.005326, 60.226922], [25.004842, 60.227042], [25.00434, 60.227144], [25.004125, 60.2272], [25.003461, 60.227304], [25.003209, 60.227324], [25.002848, 60.227326], [25.002649, 60.227319], [25.002451, 60.227311], [25.002052, 60.227243], [25.001852, 60.227199], [25.001306, 60.22706], [25.000742, 60.226894], [25.000104, 60.226692], [24.999283, 60.226393], [24.998404, 60.225996], [24.997505, 60.225491], [24.997394, 60.22542], [24.997284, 60.225349], [24.996603, 60.224905], [24.99592, 60.224408], [24.995662, 60.224212], [24.995364, 60.223936], [24.995215, 60.223785], [24.99475, 60.223304], [24.994435, 60.223046], [24.994178, 60.222886], [24.993884, 60.222718], [24.993536, 60.222541], [24.992901, 60.222212], [24.992894, 60.222205], [24.992419, 60.221993], [24.991924, 60.221763], [24.991596, 60.221631], [24.991211, 60.221454], [24.990936, 60.221313], [24.99051, 60.220948], [24.990139, 60.22061], [24.989789, 60.220352], [24.98955, 60.220201], [24.988178, 60.219574], [24.986934, 60.219027], [24.985417, 60.218346], [24.985015, 60.218179], [24.984267, 60.217906], [24.98383, 60.217765], [24.983484, 60.21766], [24.983029, 60.217547], [24.98263, 60.21746], [24.982231, 60.217391], [24.980072, 60.216995], [24.979793, 60.216947], [24.979206, 60.216983], [24.97894, 60.216974], [24.975972, 60.216818], [24.972992, 60.216715], [24.973062, 60.217244], [24.973178, 60.217512], [24.973346, 60.217708], [24.973586, 60.217868], [24.973876, 60.21792], [24.974165, 60.217927], [24.97438, 60.217898], [24.974648, 60.21778], [24.974751, 60.217626], [24.974765, 60.217474], [24.974705, 60.217286], [24.974554, 60.217062], [24.97444, 60.216884], [24.97102, 60.21348], [24.970648, 60.213097], [24.970457, 60.212721], [24.969916, 60.212115], [24.969224, 60.211294], [24.96885, 60.210848], [24.968755, 60.210687], [24.968695, 60.21049], [24.968673, 60.210347], [24.968667, 60.210149], [24.968678, 60.209916], [24.968671, 60.209674], [24.968631, 60.20953], [24.96855, 60.209244], [24.968396, 60.208904], [24.968054, 60.207686], [24.967708, 60.206961], [24.967437, 60.206335], [24.967152, 60.205852], [24.966792, 60.20527], [24.966793, 60.205279], [24.966641, 60.20502], [24.966264, 60.204484], [24.965815, 60.203922], [24.965609, 60.203654], [24.965366, 60.203387], [24.965236, 60.203244], [24.965089, 60.203138], [24.964683, 60.202826], [24.964075, 60.202382], [24.963779, 60.202133], [24.96339, 60.201804], [24.963223, 60.201634], [24.962945, 60.201358], [24.962796, 60.201198], [24.96259, 60.200948], [24.962308, 60.200546], [24.962117, 60.200206], [24.962021, 60.199992], [24.961825, 60.199446], [24.96178, 60.199141], [24.961756, 60.198943], [24.961629, 60.198195], [24.961824, 60.197579], [24.962135, 60.197119], [24.962149, 60.196957], [24.962437, 60.196335], [24.962788, 60.19551], [24.963048, 60.195048], [24.964216, 60.193666], [24.964337, 60.193494], [24.964539, 60.193017], [24.96457, 60.192846], [24.964487, 60.191676], [24.964438, 60.19081], [24.964431, 60.190568], [24.964248, 60.189878], [24.964081, 60.189481], [24.963453, 60.188355], [24.963389, 60.188206], [24.963279, 60.188126], [24.963041, 60.188002], [24.962786, 60.187905], [24.962481, 60.187822], [24.962113, 60.187712], [24.961913, 60.187651], [24.961758, 60.187582], [24.961601, 60.187474], [24.961453, 60.18734], [24.96134, 60.187161], [24.961277, 60.186857], [24.96113, 60.186158], [24.960989, 60.185629], [24.960799, 60.185307], [24.960501, 60.184968], [24.959966, 60.18455], [24.958951, 60.183758], [24.958306, 60.183269], [24.956895, 60.182566], [24.956442, 60.182367], [24.955785, 60.182076], [24.954109, 60.181459], [24.95227, 60.180799], [24.951345, 60.18045], [24.950266, 60.18006], [24.950138, 60.179998], [24.950028, 60.179918], [24.949935, 60.179838], [24.949842, 60.17974], [24.949854, 60.179533], [24.949886, 60.179233], [24.949924, 60.178728], [24.949965, 60.178384], [24.94996, 60.178222], [24.949987, 60.177881], [24.949998, 60.177647], [24.950026, 60.17736], [24.950119, 60.176237], [24.950143, 60.175815], [24.95023, 60.175079], [24.950267, 60.174504], [24.950228, 60.174415], [24.950081, 60.174299], [24.949936, 60.174264], [24.94979, 60.174211], [24.949679, 60.174122], [24.949622, 60.173997], [24.94962, 60.173925], [24.949581, 60.173818], [24.949248, 60.173515], [24.949179, 60.173448], [24.949136, 60.173408], [24.948897, 60.173185], [24.948803, 60.173069], [24.948709, 60.172935], [24.948469, 60.17274], [24.947952, 60.172286], [24.947878, 60.172232], [24.947805, 60.172179], [24.947713, 60.172135], [24.947586, 60.172109], [24.946991, 60.172086], [24.945223, 60.172036], [24.944962, 60.17201], [24.944537, 60.17196], [24.944211, 60.171909], [24.94376, 60.171899]]}}, {"type": "Feature", "properties": {"shape_id": "1078N_20251103_1", "route_short_name": "78N", "route_long_name": "Rautatientori-Viikki-Latokartano", "route_type": "701", "color": "#ad1457", "point_count": 330}, "geometry": {"type": "LineString", "coordinates": [[24.943267, 60.170736], [24.943954, 60.170447], [24.94413, 60.170386], [24.944367, 60.1704], [24.944493, 60.170426], [24.944747, 60.170487], [24.945184, 60.170627], [24.945493, 60.170742], [24.946675, 60.17111], [24.947203, 60.171304], [24.947368, 60.171392], [24.947496, 60.171481], [24.947572, 60.171615], [24.947667, 60.171776], [24.947797, 60.171928], [24.948093, 60.172195], [24.948537, 60.172587], [24.948778, 60.172809], [24.949331, 60.173236], [24.949607, 60.173468], [24.9497, 60.173575], [24.94992, 60.173735], [24.950121, 60.173823], [24.950213, 60.173876], [24.950304, 60.173929], [24.950416, 60.174063], [24.950437, 60.174135], [24.950409, 60.174162], [24.95046, 60.174323], [24.950431, 60.174566], [24.950405, 60.174916], [24.95039, 60.175015], [24.950376, 60.175158], [24.950325, 60.175868], [24.950224, 60.176757], [24.950189, 60.176883], [24.95023, 60.176964], [24.950189, 60.177413], [24.950152, 60.177978], [24.950227, 60.178086], [24.950319, 60.178157], [24.950411, 60.178237], [24.950629, 60.178374], [24.950687, 60.178432], [24.950707, 60.178477], [24.950661, 60.178765], [24.950651, 60.178817], [24.9506, 60.179308], [24.95059, 60.179438], [24.950557, 60.179681], [24.950551, 60.17995], [24.950589, 60.180031], [24.950699, 60.180093], [24.951191, 60.180269], [24.951522, 60.180383], [24.952356, 60.180682], [24.95558, 60.181844], [24.95609, 60.182028], [24.956436, 60.182161], [24.956856, 60.182373], [24.957076, 60.182497], [24.957531, 60.182733], [24.957882, 60.182922], [24.95843, 60.183187], [24.958928, 60.183579], [24.959923, 60.184326], [24.960273, 60.184575], [24.960697, 60.184913], [24.961147, 60.185493], [24.961302, 60.18586], [24.961431, 60.186577], [24.961554, 60.187088], [24.961612, 60.187222], [24.961724, 60.187347], [24.961817, 60.187445], [24.961909, 60.187507], [24.961988, 60.187553], [24.962309, 60.18763], [24.962817, 60.187743], [24.963035, 60.187813], [24.963201, 60.187881], [24.963382, 60.187972], [24.963511, 60.18807], [24.963586, 60.188141], [24.96368, 60.188293], [24.963794, 60.188499], [24.963845, 60.188614], [24.963965, 60.188812], [24.964308, 60.189447], [24.964402, 60.189684], [24.964517, 60.189804], [24.964661, 60.190422], [24.964685, 60.191248], [24.964735, 60.192612], [24.96477, 60.192917], [24.964777, 60.193132], [24.964744, 60.193231], [24.964554, 60.193529], [24.964416, 60.193718], [24.964206, 60.193944], [24.96323, 60.195091], [24.963127, 60.195253], [24.962675, 60.196259], [24.962673, 60.19637], [24.962282, 60.197216], [24.962081, 60.197747], [24.961924, 60.198414], [24.961756, 60.198943], [24.961782, 60.19923], [24.961825, 60.199463], [24.961903, 60.199678], [24.962059, 60.200054], [24.962136, 60.200233], [24.962213, 60.200394], [24.962289, 60.200519], [24.962589, 60.20093], [24.962721, 60.2011], [24.962944, 60.201349], [24.96339, 60.201804], [24.963871, 60.202213], [24.964075, 60.202382], [24.965089, 60.203138], [24.965122, 60.203039], [24.9653, 60.202984], [24.965804, 60.202953], [24.966453, 60.202939], [24.966907, 60.203026], [24.9672, 60.203099], [24.968516, 60.203804], [24.97027, 60.204573], [24.972084, 60.205479], [24.972591, 60.205734], [24.972962, 60.205944], [24.973203, 60.206158], [24.97365, 60.206648], [24.973971, 60.207131], [24.974905, 60.208228], [24.974943, 60.208281], [24.975017, 60.208361], [24.976922, 60.210555], [24.97754, 60.211215], [24.978118, 60.211938], [24.978419, 60.212366], [24.97909, 60.213172], [24.979876, 60.214218], [24.980275, 60.214749], [24.980501, 60.215044], [24.980595, 60.215169], [24.980583, 60.215375], [24.980551, 60.215528], [24.980068, 60.21625], [24.979793, 60.216947], [24.980072, 60.216995], [24.981069, 60.217167], [24.981795, 60.217314], [24.982231, 60.217391], [24.98263, 60.21746], [24.983029, 60.217547], [24.983484, 60.21766], [24.98383, 60.217765], [24.984267, 60.217906], [24.984686, 60.218046], [24.985416, 60.218337], [24.986112, 60.218673], [24.986898, 60.219009], [24.986934, 60.219027], [24.988178, 60.219574], [24.98955, 60.220201], [24.989789, 60.220352], [24.990139, 60.22061], [24.99051, 60.220948], [24.990936, 60.221313], [24.991211, 60.221454], [24.991596, 60.221631], [24.991924, 60.221763], [24.992419, 60.221993], [24.992894, 60.222205], [24.992901, 60.222212], [24.993536, 60.222541], [24.993884, 60.222718], [24.994178, 60.222886], [24.994435, 60.223046], [24.99475, 60.223304], [24.995476, 60.224052], [24.995885, 60.224426], [24.996087, 60.224559], [24.996383, 60.224781], [24.996695, 60.224967], [24.997597, 60.225553], [24.999136, 60.226331], [25.001307, 60.227078], [25.002052, 60.227243], [25.002451, 60.227311], [25.002848, 60.227326], [25.003209, 60.227324], [25.003461, 60.227304], [25.003677, 60.227275], [25.004125, 60.2272], [25.004435, 60.227113], [25.004842, 60.227042], [25.005326, 60.226922], [25.005737, 60.226793], [25.00629, 60.226582], [25.007217, 60.226216], [25.007482, 60.226035], [25.007714, 60.225934], [25.008326, 60.225849], [25.008288, 60.225804], [25.008286, 60.22575], [25.008321, 60.225705], [25.008428, 60.225659], [25.008554, 60.225649], [25.008663, 60.225667], [25.008737, 60.22572], [25.008757, 60.2258], [25.008705, 60.225864], [25.00867, 60.225891], [25.008872, 60.226024], [25.009054, 60.226058], [25.009218, 60.226129], [25.009311, 60.2262], [25.009772, 60.226565], [25.010032, 60.226805], [25.010291, 60.227009], [25.01042, 60.227089], [25.010621, 60.227186], [25.010804, 60.227248], [25.010967, 60.227274], [25.011111, 60.227272], [25.011237, 60.227263], [25.013138, 60.226995], [25.013489, 60.226946], [25.014113, 60.226856], [25.0144, 60.226817], [25.014687, 60.226761], [25.014956, 60.226688], [25.015206, 60.226596], [25.015437, 60.226495], [25.01565, 60.226368], [25.015826, 60.226232], [25.015949, 60.226114], [25.016036, 60.226024], [25.016488, 60.225482], [25.016575, 60.225356], [25.016869, 60.224941], [25.016778, 60.224932], [25.016669, 60.224897], [25.016612, 60.224826], [25.016628, 60.224745], [25.016681, 60.224709], [25.016752, 60.224681], [25.016932, 60.224662], [25.017096, 60.224696], [25.01715, 60.224714], [25.01724, 60.224704], [25.017886, 60.224583], [25.018191, 60.224544], [25.019721, 60.224232], [25.021241, 60.223955], [25.021635, 60.224446], [25.021935, 60.224803], [25.022233, 60.225097], [25.022399, 60.225239], [25.022783, 60.22538], [25.023238, 60.225511], [25.023983, 60.225693], [25.024129, 60.225728], [25.024275, 60.225781], [25.024367, 60.225825], [25.024568, 60.225931], [25.024956, 60.226215], [25.025493, 60.226633], [25.025788, 60.226837], [25.026064, 60.227024], [25.026358, 60.227192], [25.026541, 60.227271], [25.026724, 60.227333], [25.027124, 60.227455], [25.027271, 60.227517], [25.027491, 60.227641], [25.027621, 60.227748], [25.027751, 60.227881], [25.027883, 60.22806], [25.028132, 60.228516], [25.028783, 60.229275], [25.030129, 60.2306], [25.030279, 60.230788], [25.030524, 60.231127], [25.030619, 60.23127], [25.031059, 60.232056], [25.031049, 60.232891], [25.031037, 60.23308], [25.031006, 60.233241], [25.030991, 60.23334], [25.030855, 60.233593], [25.030784, 60.233638], [25.030573, 60.233819], [25.031284, 60.234038], [25.032304, 60.234326], [25.032777, 60.234457], [25.033032, 60.234518], [25.033159, 60.234553], [25.033705, 60.234692], [25.03465, 60.234891], [25.035194, 60.234986], [25.035992, 60.235096], [25.037442, 60.235274], [25.038401, 60.235357], [25.039141, 60.235369], [25.040421, 60.235323], [25.041033, 60.235264], [25.041698, 60.235151], [25.043025, 60.23488], [25.043919, 60.234622], [25.044401, 60.234466], [25.04547, 60.234017], [25.045773, 60.233907], [25.047212, 60.233151], [25.048077, 60.232746], [25.047318, 60.232377], [25.046598, 60.232025], [25.046488, 60.231972], [25.046389, 60.231694], [25.046278, 60.231615], [25.043176, 60.230526], [25.043121, 60.2305], [25.043101, 60.230455], [25.043241, 60.23031], [25.043406, 60.230381], [25.0436, 60.230626]]}}, {"type": "Feature", "properties": {"shape_id": "1078N_20251103_2", "route_short_name": "78N", "route_long_name": "Rautatientori-Viikki-Latokartano", "route_type": "701", "color": "#ad1457", "point_count": 293}, "geometry": {"type": "LineString", "coordinates": [[25.0436, 60.230626], [25.043705, 60.23071], [25.046278, 60.231615], [25.046334, 60.23165], [25.046389, 60.231694], [25.046488, 60.231972], [25.046562, 60.232007], [25.047645, 60.232533], [25.048077, 60.232746], [25.04723, 60.233151], [25.045773, 60.233907], [25.044883, 60.2343], [25.044544, 60.234402], [25.044383, 60.234466], [25.043919, 60.234631], [25.043025, 60.23488], [25.041662, 60.23516], [25.041033, 60.235255], [25.040439, 60.235314], [25.039141, 60.235369], [25.038383, 60.235357], [25.037442, 60.235274], [25.036862, 60.235207], [25.035992, 60.235096], [25.035575, 60.235046], [25.035158, 60.234986], [25.03465, 60.234891], [25.033705, 60.234692], [25.032905, 60.234492], [25.032613, 60.234414], [25.032431, 60.23437], [25.031776, 60.234187], [25.030573, 60.233819], [25.030873, 60.233592], [25.030994, 60.233439], [25.031045, 60.233331], [25.031041, 60.233196], [25.031034, 60.232999], [25.031047, 60.23281], [25.031059, 60.232056], [25.030448, 60.230984], [25.030185, 60.230663], [25.029999, 60.230485], [25.028783, 60.229275], [25.028132, 60.228516], [25.02796, 60.228203], [25.027751, 60.227872], [25.027602, 60.22773], [25.027473, 60.227641], [25.027252, 60.227508], [25.027106, 60.227446], [25.026687, 60.227315], [25.026541, 60.227271], [25.026358, 60.227183], [25.02623, 60.227121], [25.026101, 60.227041], [25.025769, 60.22682], [25.025474, 60.226615], [25.024569, 60.225949], [25.02433, 60.225816], [25.024111, 60.225728], [25.023584, 60.225616], [25.023238, 60.225511], [25.022783, 60.22538], [25.022417, 60.225239], [25.022233, 60.225097], [25.021935, 60.224803], [25.021597, 60.224392], [25.021241, 60.223955], [25.020236, 60.224152], [25.019721, 60.224232], [25.018191, 60.224544], [25.017368, 60.224757], [25.017189, 60.224812], [25.017155, 60.224875], [25.017049, 60.22493], [25.016905, 60.224949], [25.016697, 60.22522], [25.016405, 60.22555], [25.016262, 60.225753], [25.016036, 60.226024], [25.015949, 60.226114], [25.015826, 60.226232], [25.01565, 60.226368], [25.015419, 60.226504], [25.015206, 60.226596], [25.014956, 60.226688], [25.014687, 60.226761], [25.0144, 60.226817], [25.014113, 60.226865], [25.013489, 60.226946], [25.012688, 60.22706], [25.011436, 60.227235], [25.011273, 60.227263], [25.011093, 60.227273], [25.010967, 60.227274], [25.010804, 60.227248], [25.010621, 60.227186], [25.010402, 60.22708], [25.010291, 60.227], [25.010032, 60.226805], [25.009772, 60.226574], [25.009311, 60.226191], [25.0092, 60.226129], [25.009036, 60.226059], [25.008872, 60.226024], [25.00867, 60.225891], [25.008562, 60.225901], [25.008472, 60.225901], [25.008399, 60.225884], [25.008326, 60.225849], [25.007731, 60.225925], [25.007482, 60.226035], [25.007217, 60.226216], [25.005737, 60.226793], [25.005326, 60.226922], [25.004842, 60.227042], [25.00434, 60.227144], [25.004125, 60.2272], [25.003461, 60.227304], [25.003209, 60.227324], [25.002848, 60.227326], [25.002649, 60.227319], [25.002451, 60.227311], [25.002052, 60.227243], [25.001852, 60.227199], [25.001306, 60.22706], [25.000742, 60.226894], [25.000104, 60.226692], [24.999283, 60.226393], [24.998404, 60.225996], [24.997505, 60.225491], [24.997394, 60.22542], [24.997284, 60.225349], [24.996603, 60.224905], [24.99592, 60.224408], [24.995662, 60.224212], [24.995364, 60.223936], [24.995215, 60.223785], [24.99475, 60.223304], [24.994435, 60.223046], [24.994178, 60.222886], [24.993884, 60.222718], [24.993536, 60.222541], [24.992901, 60.222212], [24.992894, 60.222205], [24.992419, 60.221993], [24.991924, 60.221763], [24.991596, 60.221631], [24.991211, 60.221454], [24.990936, 60.221313], [24.99051, 60.220948], [24.990139, 60.22061], [24.989789, 60.220352], [24.98955, 60.220201], [24.988178, 60.219574], [24.986934, 60.219027], [24.985417, 60.218346], [24.985015, 60.218179], [24.984267, 60.217906], [24.98383, 60.217765], [24.983484, 60.21766], [24.983029, 60.217547], [24.98263, 60.21746], [24.982231, 60.217391], [24.980072, 60.216995], [24.979793, 60.216947], [24.980068, 60.216259], [24.980136, 60.216114], [24.980326, 60.215844], [24.980551, 60.215519], [24.980601, 60.215375], [24.980577, 60.215169], [24.980501, 60.215053], [24.979975, 60.214365], [24.979876, 60.214218], [24.979542, 60.213749], [24.979111, 60.213169], [24.978514, 60.2125], [24.978118, 60.211938], [24.97763, 60.211304], [24.976601, 60.210174], [24.975428, 60.208816], [24.974738, 60.208058], [24.973971, 60.207131], [24.972857, 60.206053], [24.972508, 60.205888], [24.968516, 60.203804], [24.967075, 60.203249], [24.96659, 60.203132], [24.966296, 60.203111], [24.965918, 60.203132], [24.965323, 60.203154], [24.965089, 60.203138], [24.964683, 60.202826], [24.964075, 60.202382], [24.963779, 60.202133], [24.96339, 60.201804], [24.963223, 60.201634], [24.962945, 60.201358], [24.962796, 60.201198], [24.96259, 60.200948], [24.962308, 60.200546], [24.962117, 60.200206], [24.962021, 60.199992], [24.961825, 60.199446], [24.96178, 60.199141], [24.961756, 60.198943], [24.961629, 60.198195], [24.961824, 60.197579], [24.962135, 60.197119], [24.962149, 60.196957], [24.962437, 60.196335], [24.962788, 60.19551], [24.963048, 60.195048], [24.964216, 60.193666], [24.964337, 60.193494], [24.964539, 60.193017], [24.96457, 60.192846], [24.964487, 60.191676], [24.964438, 60.19081], [24.964431, 60.190568], [24.964248, 60.189878], [24.964081, 60.189481], [24.963453, 60.188355], [24.963389, 60.188206], [24.963279, 60.188126], [24.963041, 60.188002], [24.962786, 60.187905], [24.962481, 60.187822], [24.962113, 60.187712], [24.961913, 60.187651], [24.961758, 60.187582], [24.961601, 60.187474], [24.961453, 60.18734], [24.96134, 60.187161], [24.961277, 60.186857], [24.96113, 60.186158], [24.960989, 60.185629], [24.960799, 60.185307], [24.960501, 60.184968], [24.959966, 60.18455], [24.958951, 60.183758], [24.958306, 60.183269], [24.956895, 60.182566], [24.956442, 60.182367], [24.955785, 60.182076], [24.954109, 60.181459], [24.95227, 60.180799], [24.951345, 60.18045], [24.950266, 60.18006], [24.950138, 60.179998], [24.950028, 60.179918], [24.949935, 60.179838], [24.949842, 60.17974], [24.949854, 60.179533], [24.949886, 60.179233], [24.949924, 60.178728], [24.949965, 60.178384], [24.94996, 60.178222], [24.949987, 60.177881], [24.949998, 60.177647], [24.950026, 60.17736], [24.950119, 60.176237], [24.950143, 60.175815], [24.95023, 60.175079], [24.950267, 60.174504], [24.950228, 60.174415], [24.950081, 60.174299], [24.949936, 60.174264], [24.94979, 60.174211], [24.949679, 60.174122], [24.949622, 60.173997], [24.94962, 60.173925], [24.949581, 60.173818], [24.949248, 60.173515], [24.949179, 60.173448], [24.949136, 60.173408], [24.948897, 60.173185], [24.948803, 60.173069], [24.948709, 60.172935], [24.948469, 60.17274], [24.947952, 60.172286], [24.947878, 60.172232], [24.947805, 60.172179], [24.947713, 60.172135], [24.947586, 60.172109], [24.946991, 60.172086], [24.945223, 60.172036], [24.944962, 60.17201], [24.944537, 60.17196], [24.944211, 60.171909], [24.94376, 60.171899]]}}, {"type": "Feature", "properties": {"shape_id": "1079_20251101_1", "route_short_name": "79", "route_long_name": "Herttoniemi (M)-Latokartano-Malmi-Siltamäki-Puistolan asem", "route_type": "701", "color": "#17becf", "point_count": 493}, "geometry": {"type": "LineString", "coordinates": [[25.031593, 60.195453], [25.031814, 60.195561], [25.031666, 60.195636], [25.031487, 60.1957], [25.031686, 60.196017], [25.033601, 60.195578], [25.037482, 60.194678], [25.037548, 60.194674], [25.037638, 60.194656], [25.037877, 60.194806], [25.037971, 60.194931], [25.038032, 60.195155], [25.039011, 60.196233], [25.040811, 60.198077], [25.04089, 60.198274], [25.040987, 60.198507], [25.040944, 60.198839], [25.0409, 60.199181], [25.041126, 60.199484], [25.041758, 60.200081], [25.042608, 60.200711], [25.043991, 60.20168], [25.045247, 60.202536], [25.048119, 60.204447], [25.048764, 60.204891], [25.048123, 60.205147], [25.047481, 60.205386], [25.047017, 60.205546], [25.047056, 60.205623], [25.047021, 60.205659], [25.046914, 60.205678], [25.046751, 60.205679], [25.04659, 60.205707], [25.046412, 60.20578], [25.045787, 60.206019], [25.045736, 60.206109], [25.045702, 60.206172], [25.045631, 60.206208], [25.045523, 60.2062], [25.045413, 60.206156], [25.045342, 60.206193], [25.045146, 60.206248], [25.044606, 60.206383], [25.043803, 60.206564], [25.042961, 60.206723], [25.042046, 60.206901], [25.041599, 60.206994], [25.04115, 60.207078], [25.04099, 60.207125], [25.040865, 60.20717], [25.040425, 60.207506], [25.04018, 60.207593], [25.040248, 60.207633], [25.04025, 60.207678], [25.040232, 60.207705], [25.04018, 60.207741], [25.040126, 60.207769], [25.040054, 60.207778], [25.04, 60.207779], [25.039932, 60.207887], [25.039897, 60.207923], [25.039562, 60.208186], [25.038982, 60.208648], [25.038559, 60.208957], [25.038313, 60.209112], [25.037957, 60.209329], [25.036881, 60.210065], [25.036741, 60.210201], [25.036673, 60.210354], [25.036676, 60.210426], [25.036698, 60.210551], [25.036775, 60.210703], [25.036943, 60.210899], [25.038619, 60.212582], [25.038766, 60.21268], [25.03884, 60.212733], [25.039261, 60.212936], [25.039975, 60.213263], [25.040085, 60.213316], [25.040251, 60.213431], [25.040399, 60.213556], [25.040774, 60.214002], [25.040924, 60.214189], [25.041054, 60.214305], [25.041275, 60.214438], [25.041458, 60.214517], [25.041749, 60.214586], [25.042474, 60.214715], [25.043054, 60.214792], [25.043488, 60.214833], [25.044175, 60.214872], [25.044525, 60.214893], [25.044607, 60.214833], [25.044696, 60.214797], [25.044841, 60.214813], [25.044932, 60.214848], [25.045006, 60.21492], [25.044937, 60.214992], [25.044811, 60.215029], [25.044606, 60.215363], [25.044296, 60.215823], [25.044043, 60.216381], [25.04391, 60.216741], [25.043749, 60.217362], [25.04359, 60.21801], [25.04353, 60.218396], [25.043743, 60.21887], [25.043761, 60.21887], [25.043869, 60.21886], [25.04396, 60.218868], [25.044033, 60.218886], [25.044087, 60.218903], [25.044124, 60.218939], [25.044144, 60.218975], [25.044145, 60.21901], [25.044146, 60.219046], [25.044111, 60.219074], [25.044058, 60.21911], [25.043986, 60.219128], [25.043914, 60.219138], [25.043824, 60.219139], [25.043752, 60.21913], [25.043679, 60.219113], [25.043642, 60.219086], [25.043605, 60.21906], [25.043069, 60.219207], [25.042944, 60.219262], [25.042715, 60.219426], [25.042503, 60.219562], [25.042147, 60.219717], [25.041559, 60.219946], [25.040771, 60.220159], [25.039821, 60.220346], [25.037382, 60.220823], [25.036341, 60.22102], [25.036001, 60.221085], [25.034387, 60.221403], [25.032845, 60.221702], [25.031697, 60.221918], [25.030567, 60.222142], [25.028863, 60.222469], [25.027339, 60.222759], [25.025779, 60.223068], [25.02499, 60.223226], [25.024541, 60.223311], [25.023339, 60.223544], [25.022819, 60.223647], [25.021868, 60.223825], [25.021241, 60.223955], [25.021635, 60.224446], [25.021935, 60.224803], [25.022233, 60.225097], [25.022399, 60.225239], [25.022783, 60.22538], [25.023238, 60.225511], [25.023983, 60.225693], [25.024129, 60.225728], [25.024275, 60.225781], [25.024367, 60.225825], [25.024568, 60.225931], [25.024956, 60.226215], [25.025493, 60.226633], [25.025788, 60.226837], [25.026064, 60.227024], [25.026358, 60.227192], [25.026541, 60.227271], [25.026724, 60.227333], [25.027124, 60.227455], [25.027271, 60.227517], [25.027491, 60.227641], [25.027621, 60.227748], [25.027751, 60.227881], [25.027883, 60.22806], [25.028132, 60.228516], [25.028783, 60.229275], [25.030129, 60.2306], [25.030279, 60.230788], [25.030524, 60.231127], [25.030619, 60.23127], [25.031059, 60.232056], [25.031049, 60.232891], [25.031037, 60.23308], [25.031006, 60.233241], [25.030991, 60.23334], [25.030855, 60.233593], [25.030784, 60.233638], [25.030573, 60.233819], [25.029736, 60.23361], [25.029171, 60.233426], [25.022326, 60.230966], [25.021451, 60.230703], [25.02034, 60.23038], [25.01852, 60.229873], [25.01699, 60.229445], [25.015806, 60.229069], [25.013381, 60.228297], [25.012674, 60.228204], [25.01215, 60.228172], [25.01177, 60.228148], [25.01181, 60.228291], [25.011814, 60.22839], [25.011772, 60.228628], [25.011735, 60.228759], [25.011614, 60.228948], [25.011456, 60.229093], [25.011156, 60.22932], [25.010891, 60.229492], [25.010538, 60.229737], [25.010344, 60.2299], [25.010152, 60.230099], [25.010049, 60.23027], [25.010019, 60.230468], [25.010011, 60.230809], [25.010033, 60.230917], [25.010056, 60.231069], [25.010133, 60.231239], [25.010209, 60.231355], [25.010321, 60.231471], [25.01058, 60.231676], [25.011262, 60.232137], [25.01174, 60.232448], [25.012549, 60.232899], [25.012788, 60.233059], [25.013136, 60.233227], [25.013702, 60.233438], [25.014413, 60.233657], [25.014872, 60.233896], [25.015801, 60.234185], [25.016856, 60.234437], [25.018597, 60.23472], [25.019849, 60.234908], [25.02012, 60.234941], [25.02052, 60.23501], [25.020848, 60.235115], [25.021067, 60.235194], [25.021324, 60.235336], [25.021491, 60.235469], [25.021695, 60.235656], [25.021771, 60.235772], [25.021961, 60.236085], [25.022039, 60.236255], [25.022102, 60.236542], [25.02209, 60.236748], [25.022093, 60.236838], [25.022047, 60.23709], [25.021996, 60.237189], [25.021963, 60.237297], [25.021792, 60.237594], [25.021654, 60.237811], [25.021517, 60.238036], [25.021187, 60.238452], [25.021137, 60.238605], [25.021074, 60.238883], [25.021066, 60.239197], [25.021094, 60.239547], [25.021015, 60.239889], [25.020863, 60.240146], [25.020879, 60.240159], [25.020723, 60.240394], [25.020531, 60.240602], [25.020272, 60.240999], [25.020137, 60.241287], [25.02012, 60.241341], [25.02009, 60.241539], [25.020075, 60.241629], [25.020077, 60.241682], [25.020049, 60.241943], [25.020037, 60.24214], [25.019168, 60.242316], [25.018728, 60.242411], [25.018315, 60.242495], [25.017688, 60.242643], [25.016218, 60.242978], [25.015754, 60.243152], [25.015559, 60.24327], [25.015351, 60.243405], [25.014641, 60.24395], [25.01408, 60.244502], [25.013019, 60.24521], [25.012488, 60.245555], [25.012329, 60.245673], [25.01217, 60.245809], [25.01203, 60.245972], [25.011928, 60.246161], [25.011897, 60.246341], [25.011783, 60.246719], [25.011699, 60.246926], [25.011648, 60.247025], [25.011613, 60.247079], [25.011234, 60.247516], [25.011144, 60.247657], [25.010951, 60.247838], [25.01019, 60.248355], [25.009713, 60.248691], [25.009412, 60.248873], [25.009113, 60.249153], [25.009027, 60.249271], [25.008959, 60.249424], [25.008823, 60.249694], [25.009005, 60.249738], [25.009207, 60.249853], [25.009356, 60.249995], [25.009395, 60.250076], [25.009378, 60.250139], [25.0094, 60.250246], [25.009279, 60.250427], [25.009174, 60.250535], [25.009032, 60.250617], [25.008781, 60.250664], [25.008611, 60.250678], [25.008556, 60.250998], [25.00842, 60.251277], [25.008281, 60.25144], [25.008158, 60.251557], [25.007999, 60.251666], [25.006969, 60.252221], [25.006693, 60.252313], [25.006449, 60.252387], [25.005208, 60.252567], [25.004867, 60.252623], [25.00424, 60.252781], [25.003936, 60.252882], [25.003545, 60.253082], [25.003403, 60.253182], [25.003175, 60.253399], [25.002914, 60.253697], [25.002435, 60.254599], [25.002175, 60.254924], [25.001841, 60.25524], [25.001417, 60.25554], [25.00083, 60.255849], [24.998569, 60.256908], [24.998442, 60.256891], [24.998515, 60.256926], [24.997777, 60.257264], [24.997072, 60.257601], [24.996555, 60.25782], [24.995982, 60.258004], [24.994728, 60.258337], [24.993581, 60.258641], [24.992952, 60.258798], [24.99245, 60.25893], [24.989981, 60.259629], [24.98937, 60.25975], [24.98921, 60.259823], [24.989194, 60.259904], [24.989141, 60.25994], [24.989235, 60.260047], [24.990015, 60.260777], [24.990166, 60.260992], [24.990852, 60.261561], [24.991278, 60.261917], [24.991594, 60.262193], [24.991874, 60.262514], [24.99195, 60.262621], [24.992046, 60.2628], [24.992068, 60.262943], [24.992093, 60.263176], [24.992082, 60.26341], [24.992017, 60.263635], [24.991932, 60.263824], [24.991774, 60.264004], [24.991723, 60.264113], [24.99185, 60.264121], [24.991941, 60.264147], [24.992014, 60.264182], [24.992052, 60.264227], [24.992037, 60.264317], [24.991984, 60.264371], [24.991948, 60.264389], [24.991787, 60.264417], [24.991811, 60.264606], [24.991833, 60.264749], [24.991929, 60.264946], [24.992138, 60.265267], [24.992762, 60.266205], [24.9931, 60.266606], [24.993308, 60.266901], [24.993308, 60.26691], [24.993425, 60.267214], [24.993465, 60.26734], [24.993493, 60.267645], [24.993447, 60.267932], [24.993365, 60.268211], [24.99323, 60.268499], [24.993092, 60.268716], [24.992829, 60.269005], [24.992379, 60.269628], [24.992017, 60.270205], [24.991845, 60.270503], [24.99178, 60.270737], [24.991732, 60.270953], [24.991813, 60.271222], [24.991928, 60.271463], [24.992157, 60.271838], [24.992363, 60.272079], [24.992677, 60.272319], [24.992991, 60.27255], [24.993488, 60.272834], [24.993114, 60.273025], [24.992796, 60.273243], [24.992497, 60.273559], [24.991483, 60.27468], [24.990995, 60.275294], [24.990751, 60.275574], [24.98988, 60.27725], [24.990243, 60.277301], [24.990897, 60.277395], [24.991078, 60.27742], [24.99146, 60.277507], [24.992499, 60.277796], [24.993685, 60.278164], [24.994762, 60.278515], [24.995164, 60.278637], [24.995529, 60.27876], [24.995729, 60.278803], [24.997349, 60.279195], [24.997859, 60.279308], [24.998478, 60.279465], [24.998879, 60.279561], [24.999315, 60.279638], [24.999714, 60.279671], [25.000474, 60.279728], [25.001507, 60.279792], [25.003789, 60.279936], [25.003983, 60.279809], [25.004281, 60.279511], [25.004545, 60.279266], [25.004668, 60.279158], [25.004774, 60.279058], [25.005161, 60.278723], [25.005654, 60.278271], [25.006058, 60.277873], [25.006846, 60.278226], [25.007268, 60.278429], [25.007927, 60.278711], [25.00943, 60.279382], [25.009926, 60.279647], [25.010404, 60.279922], [25.010619, 60.27984], [25.010798, 60.279802], [25.011089, 60.279758], [25.011824, 60.279669], [25.013103, 60.279524], [25.014346, 60.27938], [25.015426, 60.279255], [25.015715, 60.279226], [25.016436, 60.279168], [25.01732, 60.279107], [25.017536, 60.279096], [25.01813, 60.27902], [25.018616, 60.278963], [25.019066, 60.278887], [25.019605, 60.278802], [25.020001, 60.278727], [25.020593, 60.278606], [25.021418, 60.278393], [25.022028, 60.278245], [25.022297, 60.278189], [25.022603, 60.278142], [25.023611, 60.278017], [25.024116, 60.277987], [25.024893, 60.277954], [25.025273, 60.277951], [25.026034, 60.278008], [25.026542, 60.278067], [25.027106, 60.278188], [25.027615, 60.278301], [25.028162, 60.27844], [25.028798, 60.278534], [25.029123, 60.278549], [25.029558, 60.278564], [25.030046, 60.278569], [25.030352, 60.278549], [25.030822, 60.278527], [25.031002, 60.278508], [25.031632, 60.278431], [25.031722, 60.278412], [25.032243, 60.278336], [25.033572, 60.278048], [25.034468, 60.277807], [25.034898, 60.277696], [25.034431, 60.27665], [25.034431, 60.276641], [25.03439, 60.276489], [25.034402, 60.276309], [25.034578, 60.276155], [25.035377, 60.2757], [25.035211, 60.275603], [25.035138, 60.275576], [25.035029, 60.275559], [25.034919, 60.275497], [25.0349, 60.275461]]}}, {"type": "Feature", "properties": {"shape_id": "1079_20251101_2", "route_short_name": "79", "route_long_name": "Herttoniemi (M)-Latokartano-Malmi-Siltamäki-Puistolan asem", "route_type": "701", "color": "#17becf", "point_count": 495}, "geometry": {"type": "LineString", "coordinates": [[25.035436, 60.275287], [25.035724, 60.275249], [25.035764, 60.275356], [25.035748, 60.275446], [25.035643, 60.275545], [25.035377, 60.2757], [25.034596, 60.276155], [25.034438, 60.276282], [25.034404, 60.276363], [25.03437, 60.276444], [25.034392, 60.276551], [25.034564, 60.276956], [25.034898, 60.277696], [25.033572, 60.278048], [25.032243, 60.278336], [25.031632, 60.278431], [25.031002, 60.278508], [25.030822, 60.278527], [25.030334, 60.278549], [25.029991, 60.27856], [25.029558, 60.278564], [25.028798, 60.278534], [25.028162, 60.27844], [25.027615, 60.278301], [25.027106, 60.278188], [25.026488, 60.278067], [25.026034, 60.278008], [25.025309, 60.27795], [25.024912, 60.277963], [25.024261, 60.277977], [25.023935, 60.277979], [25.023629, 60.278008], [25.022909, 60.278095], [25.021956, 60.278246], [25.0214, 60.278394], [25.020324, 60.278653], [25.020001, 60.278736], [25.019462, 60.27883], [25.018634, 60.278962], [25.017554, 60.279078], [25.016584, 60.279148], [25.016147, 60.279178], [25.015715, 60.279226], [25.015426, 60.279255], [25.014346, 60.27938], [25.013103, 60.279524], [25.011824, 60.279669], [25.011014, 60.279774], [25.010798, 60.279802], [25.010619, 60.27984], [25.010404, 60.279922], [25.009816, 60.279585], [25.009643, 60.279504], [25.009411, 60.279373], [25.007945, 60.278711], [25.007268, 60.278429], [25.006791, 60.278199], [25.006058, 60.277873], [25.005689, 60.278217], [25.005091, 60.278787], [25.004668, 60.279158], [25.004281, 60.279511], [25.003983, 60.2798], [25.003948, 60.279836], [25.003789, 60.279936], [24.999605, 60.279672], [24.999333, 60.279638], [24.998897, 60.27956], [24.998606, 60.279491], [24.998478, 60.279465], [24.997349, 60.279195], [24.995729, 60.278803], [24.995529, 60.27876], [24.994762, 60.278515], [24.994214, 60.27833], [24.993685, 60.278164], [24.992499, 60.277796], [24.99146, 60.277507], [24.991078, 60.27742], [24.990243, 60.277301], [24.98988, 60.27725], [24.990089, 60.276822], [24.990751, 60.275565], [24.990961, 60.275339], [24.991239, 60.274987], [24.991483, 60.27468], [24.992479, 60.273568], [24.992901, 60.273161], [24.993488, 60.272834], [24.992991, 60.27255], [24.992677, 60.272319], [24.992343, 60.272043], [24.992157, 60.271838], [24.9921, 60.271758], [24.991966, 60.271526], [24.991812, 60.271213], [24.991732, 60.270953], [24.99178, 60.270737], [24.991845, 60.270503], [24.992017, 60.270205], [24.992379, 60.269628], [24.992829, 60.269005], [24.993092, 60.268716], [24.99323, 60.268499], [24.993365, 60.268211], [24.993447, 60.267932], [24.993493, 60.267645], [24.993465, 60.26734], [24.993425, 60.267214], [24.99329, 60.26691], [24.993101, 60.266633], [24.992762, 60.266196], [24.992138, 60.265285], [24.991948, 60.264955], [24.991833, 60.264749], [24.991792, 60.264606], [24.991787, 60.264417], [24.991624, 60.26441], [24.991569, 60.264392], [24.991496, 60.264357], [24.991441, 60.264321], [24.991438, 60.264222], [24.991508, 60.264168], [24.991633, 60.264122], [24.991723, 60.264113], [24.991774, 60.263996], [24.991932, 60.263824], [24.992017, 60.263626], [24.992082, 60.26341], [24.992093, 60.263167], [24.992086, 60.262934], [24.992046, 60.2628], [24.99195, 60.26263], [24.991874, 60.262514], [24.991593, 60.262184], [24.99037, 60.26117], [24.990241, 60.261063], [24.989982, 60.260858], [24.989034, 60.259968], [24.988925, 60.259969], [24.988779, 60.259916], [24.98874, 60.259836], [24.988793, 60.259781], [24.98887, 60.259754], [24.989009, 60.259753], [24.989099, 60.259761], [24.989476, 60.259669], [24.989851, 60.259531], [24.993746, 60.25852], [24.99469, 60.258283], [24.99607, 60.257905], [24.996588, 60.25773], [24.998442, 60.256891], [24.999433, 60.256406], [25.000899, 60.255741], [25.001308, 60.255532], [25.001916, 60.255013], [25.002272, 60.254564], [25.002973, 60.253383], [25.003257, 60.253129], [25.003375, 60.253035], [25.003861, 60.252793], [25.004415, 60.252618], [25.004918, 60.252515], [25.005224, 60.252468], [25.005475, 60.252421], [25.006517, 60.252252], [25.006822, 60.252151], [25.007235, 60.251937], [25.008031, 60.251531], [25.008225, 60.251368], [25.00833, 60.25126], [25.008399, 60.25116], [25.008467, 60.251025], [25.008611, 60.250678], [25.008763, 60.250664], [25.009032, 60.250608], [25.009174, 60.250535], [25.009297, 60.250427], [25.009383, 60.250273], [25.00938, 60.250193], [25.009394, 60.250049], [25.0093, 60.249942], [25.009225, 60.249862], [25.009005, 60.249747], [25.008823, 60.249694], [25.008923, 60.249415], [25.009027, 60.249271], [25.009131, 60.249135], [25.009236, 60.249045], [25.009483, 60.248845], [25.009748, 60.248664], [25.010067, 60.248464], [25.01019, 60.248355], [25.01085, 60.247779], [25.011389, 60.247248], [25.011697, 60.246881], [25.011731, 60.2468], [25.011799, 60.246656], [25.011897, 60.246332], [25.011928, 60.246152], [25.01203, 60.245972], [25.01217, 60.2458], [25.012382, 60.245637], [25.0127, 60.245419], [25.013214, 60.245083], [25.013603, 60.244829], [25.013921, 60.244611], [25.014254, 60.244276], [25.014675, 60.243878], [25.015364, 60.243381], [25.015559, 60.24327], [25.015754, 60.243152], [25.016218, 60.242978], [25.017688, 60.242643], [25.018315, 60.242495], [25.018218, 60.242508], [25.018942, 60.242346], [25.019247, 60.242272], [25.020037, 60.24214], [25.020049, 60.241943], [25.020077, 60.241682], [25.020075, 60.241629], [25.02009, 60.241539], [25.02012, 60.241341], [25.020137, 60.241287], [25.020272, 60.240999], [25.020531, 60.240602], [25.02093, 60.240069], [25.021014, 60.239871], [25.021094, 60.239547], [25.021066, 60.239197], [25.021073, 60.238874], [25.021137, 60.238596], [25.021204, 60.238442], [25.021517, 60.238036], [25.021621, 60.237901], [25.021654, 60.237811], [25.021826, 60.237531], [25.021962, 60.237279], [25.022047, 60.237099], [25.022093, 60.236838], [25.022102, 60.236542], [25.022039, 60.236255], [25.021961, 60.236085], [25.021866, 60.235942], [25.021771, 60.235772], [25.021695, 60.235647], [25.021472, 60.23546], [25.021306, 60.235336], [25.021067, 60.235194], [25.020848, 60.235115], [25.020502, 60.23501], [25.019849, 60.234908], [25.016856, 60.234437], [25.015801, 60.234185], [25.014872, 60.233896], [25.014395, 60.233657], [25.013684, 60.233438], [25.013136, 60.233218], [25.012788, 60.233059], [25.012715, 60.233015], [25.01174, 60.232448], [25.011227, 60.232191], [25.01089, 60.231995], [25.010601, 60.231774], [25.010249, 60.231499], [25.010118, 60.231356], [25.009985, 60.231115], [25.009903, 60.230801], [25.009896, 60.230577], [25.010049, 60.23027], [25.010116, 60.230117], [25.010519, 60.22971], [25.010891, 60.229492], [25.011474, 60.229084], [25.011614, 60.228939], [25.011735, 60.228759], [25.011819, 60.228552], [25.011832, 60.228399], [25.01181, 60.228291], [25.01177, 60.228148], [25.012168, 60.228172], [25.012674, 60.228204], [25.013381, 60.228297], [25.014182, 60.228533], [25.015605, 60.229007], [25.017282, 60.229524], [25.017737, 60.229646], [25.018429, 60.229847], [25.020449, 60.230406], [25.021196, 60.230634], [25.022326, 60.230966], [25.025008, 60.231906], [25.025373, 60.232037], [25.029171, 60.233417], [25.029736, 60.23361], [25.030573, 60.233819], [25.030873, 60.233592], [25.030994, 60.233439], [25.031045, 60.233331], [25.031041, 60.233196], [25.031034, 60.232999], [25.031047, 60.23281], [25.031059, 60.232056], [25.030448, 60.230984], [25.030185, 60.230663], [25.029999, 60.230485], [25.028783, 60.229275], [25.028132, 60.228516], [25.02796, 60.228203], [25.027751, 60.227872], [25.027602, 60.22773], [25.027473, 60.227641], [25.027252, 60.227508], [25.027106, 60.227446], [25.026687, 60.227315], [25.026541, 60.227271], [25.026358, 60.227183], [25.02623, 60.227121], [25.026101, 60.227041], [25.025769, 60.22682], [25.025474, 60.226615], [25.024569, 60.225949], [25.02433, 60.225816], [25.024111, 60.225728], [25.023584, 60.225616], [25.023238, 60.225511], [25.022783, 60.22538], [25.022417, 60.225239], [25.022233, 60.225097], [25.021935, 60.224803], [25.021597, 60.224392], [25.021241, 60.223955], [25.02204, 60.223786], [25.022819, 60.223647], [25.023339, 60.223544], [25.024541, 60.223311], [25.02499, 60.223226], [25.025779, 60.223068], [25.027339, 60.222759], [25.028863, 60.222469], [25.030567, 60.222142], [25.031697, 60.221918], [25.032845, 60.221702], [25.034387, 60.221403], [25.036001, 60.221085], [25.036341, 60.22102], [25.037382, 60.220823], [25.039821, 60.220346], [25.040771, 60.220159], [25.041559, 60.219946], [25.042147, 60.219726], [25.042484, 60.219562], [25.042732, 60.219417], [25.042962, 60.219262], [25.043069, 60.219207], [25.043605, 60.21906], [25.043623, 60.219059], [25.043604, 60.219042], [25.043603, 60.219006], [25.043602, 60.218979], [25.043619, 60.218934], [25.043654, 60.218907], [25.043708, 60.218879], [25.043743, 60.21887], [25.043761, 60.21887], [25.04353, 60.218405], [25.043623, 60.217911], [25.043734, 60.217434], [25.043814, 60.21711], [25.04391, 60.216741], [25.044009, 60.216453], [25.044143, 60.216138], [25.044296, 60.215823], [25.044378, 60.215571], [25.044546, 60.215202], [25.044615, 60.215084], [25.044594, 60.215004], [25.044557, 60.214959], [25.044525, 60.214893], [25.044157, 60.214882], [25.043597, 60.214841], [25.043054, 60.2148], [25.042474, 60.214715], [25.041749, 60.214595], [25.041458, 60.214517], [25.041275, 60.214438], [25.04111, 60.21434], [25.040754, 60.213948], [25.040548, 60.213707], [25.040379, 60.213493], [25.040048, 60.213289], [25.039261, 60.212936], [25.03884, 60.212724], [25.038619, 60.212582], [25.038284, 60.212271], [25.038154, 60.212137], [25.036999, 60.210971], [25.036775, 60.210703], [25.036698, 60.210551], [25.036676, 60.210426], [25.036673, 60.210354], [25.03674, 60.210192], [25.036881, 60.210065], [25.036986, 60.209974], [25.037198, 60.209829], [25.037622, 60.209557], [25.038024, 60.209285], [25.038313, 60.209112], [25.038559, 60.208957], [25.038982, 60.208648], [25.039545, 60.208195], [25.039756, 60.20801], [25.039897, 60.207923], [25.039982, 60.207779], [25.039928, 60.20777], [25.039891, 60.207753], [25.039855, 60.207744], [25.039818, 60.207717], [25.039799, 60.20769], [25.039798, 60.207663], [25.039802, 60.207614], [25.039832, 60.2076], [25.039939, 60.207564], [25.040011, 60.207554], [25.040084, 60.207563], [25.040156, 60.20758], [25.04018, 60.207593], [25.040442, 60.207497], [25.040512, 60.207433], [25.040864, 60.207161], [25.04115, 60.207069], [25.042029, 60.20691], [25.042441, 60.206826], [25.042835, 60.206751], [25.043785, 60.206564], [25.044376, 60.206443], [25.044985, 60.206294], [25.045342, 60.206193], [25.045413, 60.206156], [25.045393, 60.206076], [25.045482, 60.206039], [25.045607, 60.206029], [25.045698, 60.206028], [25.045787, 60.206019], [25.04659, 60.205716], [25.046696, 60.205634], [25.046748, 60.205571], [25.046783, 60.205535], [25.046836, 60.205517], [25.046945, 60.205525], [25.047017, 60.205546], [25.047802, 60.205267], [25.048764, 60.204891], [25.048193, 60.204501], [25.044946, 60.202334], [25.04471, 60.202168], [25.043991, 60.20168], [25.042608, 60.200711], [25.041758, 60.200081], [25.041126, 60.199484], [25.040901, 60.19919], [25.040985, 60.198558], [25.041024, 60.198533], [25.040967, 60.198453], [25.040965, 60.198363], [25.040926, 60.198283], [25.040775, 60.19806], [25.040735, 60.197952], [25.039003, 60.196207], [25.038612, 60.195806], [25.03807, 60.195218], [25.037923, 60.19512], [25.03757, 60.194773], [25.036702, 60.193968], [25.035945, 60.193193], [25.034832, 60.193465], [25.034118, 60.193644], [25.033518, 60.19379], [25.033285, 60.193819], [25.033051, 60.19383], [25.03271, 60.193868], [25.032279, 60.193926], [25.031939, 60.194009], [25.031557, 60.194117], [25.031117, 60.194249], [25.030937, 60.194289], [25.030673, 60.194441], [25.030621, 60.194513], [25.030325, 60.1947], [25.030286, 60.194758], [25.030288, 60.194821], [25.030381, 60.194901], [25.030807, 60.1951]]}}, {"type": "Feature", "properties": {"shape_id": "1079N_20251103_1", "route_short_name": "79N", "route_long_name": "Rautatientori-Malmi-Siltamäki-Puistolan asema", "route_type": "701", "color": "#006064", "point_count": 497}, "geometry": {"type": "LineString", "coordinates": [[24.942859, 60.171333], [24.942893, 60.1712], [24.942891, 60.171077], [24.942938, 60.170885], [24.943267, 60.170736], [24.943954, 60.170447], [24.94413, 60.170386], [24.944367, 60.1704], [24.944493, 60.170426], [24.944747, 60.170487], [24.945184, 60.170627], [24.945493, 60.170742], [24.946675, 60.17111], [24.947203, 60.171304], [24.947368, 60.171392], [24.947496, 60.171481], [24.947572, 60.171615], [24.947667, 60.171776], [24.947797, 60.171928], [24.948093, 60.172195], [24.948537, 60.172587], [24.948778, 60.172809], [24.949331, 60.173236], [24.949607, 60.173468], [24.9497, 60.173575], [24.94992, 60.173735], [24.950121, 60.173823], [24.950213, 60.173876], [24.950304, 60.173929], [24.950416, 60.174063], [24.950437, 60.174135], [24.950409, 60.174162], [24.95046, 60.174323], [24.950431, 60.174566], [24.950405, 60.174916], [24.95039, 60.175015], [24.950376, 60.175158], [24.950325, 60.175868], [24.950224, 60.176757], [24.950189, 60.176883], [24.95023, 60.176964], [24.950189, 60.177413], [24.950152, 60.177978], [24.950227, 60.178086], [24.950319, 60.178157], [24.950411, 60.178237], [24.950629, 60.178374], [24.950687, 60.178432], [24.950707, 60.178477], [24.950661, 60.178765], [24.950651, 60.178817], [24.9506, 60.179308], [24.95059, 60.179438], [24.950557, 60.179681], [24.950551, 60.17995], [24.950589, 60.180031], [24.950699, 60.180093], [24.951191, 60.180269], [24.951522, 60.180383], [24.952356, 60.180682], [24.95558, 60.181844], [24.95609, 60.182028], [24.956436, 60.182161], [24.956856, 60.182373], [24.957076, 60.182497], [24.957531, 60.182733], [24.957882, 60.182922], [24.95843, 60.183187], [24.958928, 60.183579], [24.959923, 60.184326], [24.960273, 60.184575], [24.960697, 60.184913], [24.961147, 60.185493], [24.961302, 60.18586], [24.961431, 60.186577], [24.961554, 60.187088], [24.961612, 60.187222], [24.961724, 60.187347], [24.961817, 60.187445], [24.961909, 60.187507], [24.961988, 60.187553], [24.962309, 60.18763], [24.962817, 60.187743], [24.963035, 60.187813], [24.963201, 60.187881], [24.963382, 60.187972], [24.963511, 60.18807], [24.963586, 60.188141], [24.96368, 60.188293], [24.963794, 60.188499], [24.963845, 60.188614], [24.963965, 60.188812], [24.964308, 60.189447], [24.964402, 60.189684], [24.964517, 60.189804], [24.964661, 60.190422], [24.964685, 60.191248], [24.964735, 60.192612], [24.96477, 60.192917], [24.964777, 60.193132], [24.964744, 60.193231], [24.964554, 60.193529], [24.964416, 60.193718], [24.964206, 60.193944], [24.96323, 60.195091], [24.963127, 60.195253], [24.962675, 60.196259], [24.962673, 60.19637], [24.962282, 60.197216], [24.962081, 60.197747], [24.961924, 60.198414], [24.961756, 60.198943], [24.961782, 60.19923], [24.961825, 60.199463], [24.961903, 60.199678], [24.962059, 60.200054], [24.962136, 60.200233], [24.962213, 60.200394], [24.962289, 60.200519], [24.962589, 60.20093], [24.962721, 60.2011], [24.962944, 60.201349], [24.96339, 60.201804], [24.963871, 60.202213], [24.964075, 60.202382], [24.965089, 60.203138], [24.965236, 60.203244], [24.965366, 60.203387], [24.965609, 60.203654], [24.965665, 60.203735], [24.965964, 60.204074], [24.966264, 60.204484], [24.966641, 60.20502], [24.966793, 60.205279], [24.966792, 60.20527], [24.967152, 60.205852], [24.967437, 60.206335], [24.968054, 60.207686], [24.968175, 60.208125], [24.968396, 60.208904], [24.96855, 60.209244], [24.968631, 60.20953], [24.968671, 60.209674], [24.968678, 60.209916], [24.968667, 60.210149], [24.968673, 60.210347], [24.968695, 60.21049], [24.968755, 60.210687], [24.96885, 60.210848], [24.969224, 60.211294], [24.969897, 60.212097], [24.970419, 60.212668], [24.970773, 60.213069], [24.971164, 60.21347], [24.97207, 60.214217], [24.973928, 60.216017], [24.974448, 60.216533], [24.974948, 60.216979], [24.975428, 60.217334], [24.975944, 60.217707], [24.976496, 60.218071], [24.977343, 60.218621], [24.977748, 60.218897], [24.978721, 60.219464], [24.979069, 60.21964], [24.979876, 60.220075], [24.980388, 60.220322], [24.980919, 60.220579], [24.981559, 60.22087], [24.982418, 60.221214], [24.983384, 60.221558], [24.98415, 60.221812], [24.98506, 60.222084], [24.985514, 60.222197], [24.987059, 60.222571], [24.988767, 60.222962], [24.990493, 60.223362], [24.991712, 60.223685], [24.99255, 60.223939], [24.993826, 60.224361], [24.994848, 60.224739], [24.995853, 60.225153], [24.996566, 60.225462], [24.997499, 60.225895], [24.99814, 60.226195], [24.998707, 60.226451], [24.999401, 60.226715], [24.999821, 60.226883], [25.000095, 60.226979], [25.000733, 60.22719], [25.001115, 60.227304], [25.001896, 60.227459], [25.003058, 60.227702], [25.00382, 60.227822], [25.004201, 60.227882], [25.005251, 60.227999], [25.006083, 60.228074], [25.00668, 60.228114], [25.00771, 60.228151], [25.009298, 60.228175], [25.010327, 60.228177], [25.011085, 60.228171], [25.01177, 60.228148], [25.01181, 60.228291], [25.011814, 60.22839], [25.011772, 60.228628], [25.011735, 60.228759], [25.011614, 60.228948], [25.011456, 60.229093], [25.011156, 60.22932], [25.010891, 60.229492], [25.010538, 60.229737], [25.010344, 60.2299], [25.010152, 60.230099], [25.010049, 60.23027], [25.010019, 60.230468], [25.010011, 60.230809], [25.010033, 60.230917], [25.010056, 60.231069], [25.010133, 60.231239], [25.010209, 60.231355], [25.010321, 60.231471], [25.01058, 60.231676], [25.011262, 60.232137], [25.01174, 60.232448], [25.012549, 60.232899], [25.012788, 60.233059], [25.013136, 60.233227], [25.013702, 60.233438], [25.014413, 60.233657], [25.014872, 60.233896], [25.015801, 60.234185], [25.016856, 60.234437], [25.018597, 60.23472], [25.019849, 60.234908], [25.02012, 60.234941], [25.02052, 60.23501], [25.020848, 60.235115], [25.021067, 60.235194], [25.021324, 60.235336], [25.021491, 60.235469], [25.021695, 60.235656], [25.021771, 60.235772], [25.021961, 60.236085], [25.022039, 60.236255], [25.022102, 60.236542], [25.02209, 60.236748], [25.022093, 60.236838], [25.022047, 60.23709], [25.021996, 60.237189], [25.021963, 60.237297], [25.021792, 60.237594], [25.021654, 60.237811], [25.021517, 60.238036], [25.021187, 60.238452], [25.021137, 60.238605], [25.021074, 60.238883], [25.021066, 60.239197], [25.021094, 60.239547], [25.021015, 60.239889], [25.020863, 60.240146], [25.020879, 60.240159], [25.020723, 60.240394], [25.020531, 60.240602], [25.020272, 60.240999], [25.020137, 60.241287], [25.02012, 60.241341], [25.02009, 60.241539], [25.020075, 60.241629], [25.020077, 60.241682], [25.020049, 60.241943], [25.020037, 60.24214], [25.019168, 60.242316], [25.018728, 60.242411], [25.018315, 60.242495], [25.017688, 60.242643], [25.016218, 60.242978], [25.015754, 60.243152], [25.015559, 60.24327], [25.015351, 60.243405], [25.014641, 60.24395], [25.01408, 60.244502], [25.013019, 60.24521], [25.012488, 60.245555], [25.012329, 60.245673], [25.01217, 60.245809], [25.01203, 60.245972], [25.011928, 60.246161], [25.011897, 60.246341], [25.011783, 60.246719], [25.011699, 60.246926], [25.011648, 60.247025], [25.011613, 60.247079], [25.011234, 60.247516], [25.011144, 60.247657], [25.010951, 60.247838], [25.01019, 60.248355], [25.009713, 60.248691], [25.009412, 60.248873], [25.009113, 60.249153], [25.009027, 60.249271], [25.008959, 60.249424], [25.008823, 60.249694], [25.009005, 60.249738], [25.009207, 60.249853], [25.009356, 60.249995], [25.009395, 60.250076], [25.009378, 60.250139], [25.0094, 60.250246], [25.009279, 60.250427], [25.009174, 60.250535], [25.009032, 60.250617], [25.008781, 60.250664], [25.008611, 60.250678], [25.008556, 60.250998], [25.00842, 60.251277], [25.008281, 60.25144], [25.008158, 60.251557], [25.007999, 60.251666], [25.006969, 60.252221], [25.006693, 60.252313], [25.006449, 60.252387], [25.005208, 60.252567], [25.004867, 60.252623], [25.00424, 60.252781], [25.003936, 60.252882], [25.003545, 60.253082], [25.003403, 60.253182], [25.003175, 60.253399], [25.002914, 60.253697], [25.002435, 60.254599], [25.002175, 60.254924], [25.001841, 60.25524], [25.001417, 60.25554], [25.00083, 60.255849], [24.998569, 60.256908], [24.998442, 60.256891], [24.998515, 60.256926], [24.997777, 60.257264], [24.997072, 60.257601], [24.996555, 60.25782], [24.995982, 60.258004], [24.994728, 60.258337], [24.993581, 60.258641], [24.992952, 60.258798], [24.99245, 60.25893], [24.989981, 60.259629], [24.98937, 60.25975], [24.98921, 60.259823], [24.989194, 60.259904], [24.989141, 60.25994], [24.989235, 60.260047], [24.990015, 60.260777], [24.990166, 60.260992], [24.990852, 60.261561], [24.991278, 60.261917], [24.991594, 60.262193], [24.991874, 60.262514], [24.99195, 60.262621], [24.992046, 60.2628], [24.992068, 60.262943], [24.992093, 60.263176], [24.992082, 60.26341], [24.992017, 60.263635], [24.991932, 60.263824], [24.991774, 60.264004], [24.991723, 60.264113], [24.99185, 60.264121], [24.991941, 60.264147], [24.992014, 60.264182], [24.992052, 60.264227], [24.992037, 60.264317], [24.991984, 60.264371], [24.991948, 60.264389], [24.991787, 60.264417], [24.991811, 60.264606], [24.991833, 60.264749], [24.991929, 60.264946], [24.992138, 60.265267], [24.992762, 60.266205], [24.9931, 60.266606], [24.993308, 60.266901], [24.993308, 60.26691], [24.993425, 60.267214], [24.993465, 60.26734], [24.993493, 60.267645], [24.993447, 60.267932], [24.993365, 60.268211], [24.99323, 60.268499], [24.993092, 60.268716], [24.992829, 60.269005], [24.992379, 60.269628], [24.992017, 60.270205], [24.991845, 60.270503], [24.99178, 60.270737], [24.991732, 60.270953], [24.991813, 60.271222], [24.991928, 60.271463], [24.992157, 60.271838], [24.992363, 60.272079], [24.992677, 60.272319], [24.992991, 60.27255], [24.993488, 60.272834], [24.993114, 60.273025], [24.992796, 60.273243], [24.992497, 60.273559], [24.991483, 60.27468], [24.990995, 60.275294], [24.990751, 60.275574], [24.98988, 60.27725], [24.990243, 60.277301], [24.990897, 60.277395], [24.991078, 60.27742], [24.99146, 60.277507], [24.992499, 60.277796], [24.993685, 60.278164], [24.994762, 60.278515], [24.995164, 60.278637], [24.995529, 60.27876], [24.995729, 60.278803], [24.997349, 60.279195], [24.997859, 60.279308], [24.998478, 60.279465], [24.998879, 60.279561], [24.999315, 60.279638], [24.999714, 60.279671], [25.000474, 60.279728], [25.001507, 60.279792], [25.003789, 60.279936], [25.003983, 60.279809], [25.004281, 60.279511], [25.004545, 60.279266], [25.004668, 60.279158], [25.004774, 60.279058], [25.005161, 60.278723], [25.005654, 60.278271], [25.006058, 60.277873], [25.006846, 60.278226], [25.007268, 60.278429], [25.007927, 60.278711], [25.00943, 60.279382], [25.009926, 60.279647], [25.010404, 60.279922], [25.010619, 60.27984], [25.010798, 60.279802], [25.011089, 60.279758], [25.011824, 60.279669], [25.013103, 60.279524], [25.014346, 60.27938], [25.015426, 60.279255], [25.015715, 60.279226], [25.016436, 60.279168], [25.01732, 60.279107], [25.017536, 60.279096], [25.01813, 60.27902], [25.018616, 60.278963], [25.019066, 60.278887], [25.019605, 60.278802], [25.020001, 60.278727], [25.020593, 60.278606], [25.021418, 60.278393], [25.022028, 60.278245], [25.022297, 60.278189], [25.022603, 60.278142], [25.023611, 60.278017], [25.024116, 60.277987], [25.024893, 60.277954], [25.025273, 60.277951], [25.026034, 60.278008], [25.026542, 60.278067], [25.027106, 60.278188], [25.027615, 60.278301], [25.028162, 60.27844], [25.028798, 60.278534], [25.029123, 60.278549], [25.029558, 60.278564], [25.030046, 60.278569], [25.030352, 60.278549], [25.030822, 60.278527], [25.031002, 60.278508], [25.031632, 60.278431], [25.031722, 60.278412], [25.032243, 60.278336], [25.033572, 60.278048], [25.034468, 60.277807], [25.034898, 60.277696], [25.034431, 60.27665], [25.034431, 60.276641], [25.03439, 60.276489], [25.034402, 60.276309], [25.034578, 60.276155], [25.035377, 60.2757], [25.035211, 60.275603], [25.035138, 60.275576], [25.035029, 60.275559], [25.034919, 60.275497], [25.0349, 60.275461]]}}, {"type": "Feature", "properties": {"shape_id": "1079N_20251103_2", "route_short_name": "79N", "route_long_name": "Rautatientori-Malmi-Siltamäki-Puistolan asema", "route_type": "701", "color": "#006064", "point_count": 449}, "geometry": {"type": "LineString", "coordinates": [[25.035436, 60.275287], [25.035724, 60.275249], [25.035764, 60.275356], [25.035748, 60.275446], [25.035643, 60.275545], [25.035377, 60.2757], [25.034596, 60.276155], [25.034438, 60.276282], [25.034404, 60.276363], [25.03437, 60.276444], [25.034392, 60.276551], [25.034564, 60.276956], [25.034898, 60.277696], [25.033572, 60.278048], [25.032243, 60.278336], [25.031632, 60.278431], [25.031002, 60.278508], [25.030822, 60.278527], [25.030334, 60.278549], [25.029991, 60.27856], [25.029558, 60.278564], [25.028798, 60.278534], [25.028162, 60.27844], [25.027615, 60.278301], [25.027106, 60.278188], [25.026488, 60.278067], [25.026034, 60.278008], [25.025309, 60.27795], [25.024912, 60.277963], [25.024261, 60.277977], [25.023935, 60.277979], [25.023629, 60.278008], [25.022909, 60.278095], [25.021956, 60.278246], [25.0214, 60.278394], [25.020324, 60.278653], [25.020001, 60.278736], [25.019462, 60.27883], [25.018634, 60.278962], [25.017554, 60.279078], [25.016584, 60.279148], [25.016147, 60.279178], [25.015715, 60.279226], [25.015426, 60.279255], [25.014346, 60.27938], [25.013103, 60.279524], [25.011824, 60.279669], [25.011014, 60.279774], [25.010798, 60.279802], [25.010619, 60.27984], [25.010404, 60.279922], [25.009816, 60.279585], [25.009643, 60.279504], [25.009411, 60.279373], [25.007945, 60.278711], [25.007268, 60.278429], [25.006791, 60.278199], [25.006058, 60.277873], [25.005689, 60.278217], [25.005091, 60.278787], [25.004668, 60.279158], [25.004281, 60.279511], [25.003983, 60.2798], [25.003948, 60.279836], [25.003789, 60.279936], [24.999605, 60.279672], [24.999333, 60.279638], [24.998897, 60.27956], [24.998606, 60.279491], [24.998478, 60.279465], [24.997349, 60.279195], [24.995729, 60.278803], [24.995529, 60.27876], [24.994762, 60.278515], [24.994214, 60.27833], [24.993685, 60.278164], [24.992499, 60.277796], [24.99146, 60.277507], [24.991078, 60.27742], [24.990243, 60.277301], [24.98988, 60.27725], [24.990089, 60.276822], [24.990751, 60.275565], [24.990961, 60.275339], [24.991239, 60.274987], [24.991483, 60.27468], [24.992479, 60.273568], [24.992901, 60.273161], [24.993488, 60.272834], [24.992991, 60.27255], [24.992677, 60.272319], [24.992343, 60.272043], [24.992157, 60.271838], [24.9921, 60.271758], [24.991966, 60.271526], [24.991812, 60.271213], [24.991732, 60.270953], [24.99178, 60.270737], [24.991845, 60.270503], [24.992017, 60.270205], [24.992379, 60.269628], [24.992829, 60.269005], [24.993092, 60.268716], [24.99323, 60.268499], [24.993365, 60.268211], [24.993447, 60.267932], [24.993493, 60.267645], [24.993465, 60.26734], [24.993425, 60.267214], [24.99329, 60.26691], [24.993101, 60.266633], [24.992762, 60.266196], [24.992138, 60.265285], [24.991948, 60.264955], [24.991833, 60.264749], [24.991792, 60.264606], [24.991787, 60.264417], [24.991624, 60.26441], [24.991569, 60.264392], [24.991496, 60.264357], [24.991441, 60.264321], [24.991438, 60.264222], [24.991508, 60.264168], [24.991633, 60.264122], [24.991723, 60.264113], [24.991774, 60.263996], [24.991932, 60.263824], [24.992017, 60.263626], [24.992082, 60.26341], [24.992093, 60.263167], [24.992086, 60.262934], [24.992046, 60.2628], [24.99195, 60.26263], [24.991874, 60.262514], [24.991593, 60.262184], [24.99037, 60.26117], [24.990241, 60.261063], [24.989982, 60.260858], [24.989034, 60.259968], [24.988925, 60.259969], [24.988779, 60.259916], [24.98874, 60.259836], [24.988793, 60.259781], [24.98887, 60.259754], [24.989009, 60.259753], [24.989099, 60.259761], [24.989476, 60.259669], [24.989851, 60.259531], [24.993746, 60.25852], [24.99469, 60.258283], [24.99607, 60.257905], [24.996588, 60.25773], [24.998442, 60.256891], [24.999433, 60.256406], [25.000899, 60.255741], [25.001308, 60.255532], [25.001916, 60.255013], [25.002272, 60.254564], [25.002973, 60.253383], [25.003257, 60.253129], [25.003375, 60.253035], [25.003861, 60.252793], [25.004415, 60.252618], [25.004918, 60.252515], [25.005224, 60.252468], [25.005475, 60.252421], [25.006517, 60.252252], [25.006822, 60.252151], [25.007235, 60.251937], [25.008031, 60.251531], [25.008225, 60.251368], [25.00833, 60.25126], [25.008399, 60.25116], [25.008467, 60.251025], [25.008611, 60.250678], [25.008763, 60.250664], [25.009032, 60.250608], [25.009174, 60.250535], [25.009297, 60.250427], [25.009383, 60.250273], [25.00938, 60.250193], [25.009394, 60.250049], [25.0093, 60.249942], [25.009225, 60.249862], [25.009005, 60.249747], [25.008823, 60.249694], [25.008923, 60.249415], [25.009027, 60.249271], [25.009131, 60.249135], [25.009236, 60.249045], [25.009483, 60.248845], [25.009748, 60.248664], [25.010067, 60.248464], [25.01019, 60.248355], [25.01085, 60.247779], [25.011389, 60.247248], [25.011697, 60.246881], [25.011731, 60.2468], [25.011799, 60.246656], [25.011897, 60.246332], [25.011928, 60.246152], [25.01203, 60.245972], [25.01217, 60.2458], [25.012382, 60.245637], [25.0127, 60.245419], [25.013214, 60.245083], [25.013603, 60.244829], [25.013921, 60.244611], [25.014254, 60.244276], [25.014675, 60.243878], [25.015364, 60.243381], [25.015559, 60.24327], [25.015754, 60.243152], [25.016218, 60.242978], [25.017688, 60.242643], [25.018315, 60.242495], [25.018218, 60.242508], [25.018942, 60.242346], [25.019247, 60.242272], [25.020037, 60.24214], [25.020049, 60.241943], [25.020077, 60.241682], [25.020075, 60.241629], [25.02009, 60.241539], [25.02012, 60.241341], [25.020137, 60.241287], [25.020272, 60.240999], [25.020531, 60.240602], [25.02093, 60.240069], [25.021014, 60.239871], [25.021094, 60.239547], [25.021066, 60.239197], [25.021073, 60.238874], [25.021137, 60.238596], [25.021204, 60.238442], [25.021517, 60.238036], [25.021621, 60.237901], [25.021654, 60.237811], [25.021826, 60.237531], [25.021962, 60.237279], [25.022047, 60.237099], [25.022093, 60.236838], [25.022102, 60.236542], [25.022039, 60.236255], [25.021961, 60.236085], [25.021866, 60.235942], [25.021771, 60.235772], [25.021695, 60.235647], [25.021472, 60.23546], [25.021306, 60.235336], [25.021067, 60.235194], [25.020848, 60.235115], [25.020502, 60.23501], [25.019849, 60.234908], [25.016856, 60.234437], [25.015801, 60.234185], [25.014872, 60.233896], [25.014395, 60.233657], [25.013684, 60.233438], [25.013136, 60.233218], [25.012788, 60.233059], [25.012715, 60.233015], [25.01174, 60.232448], [25.011227, 60.232191], [25.01089, 60.231995], [25.010601, 60.231774], [25.010249, 60.231499], [25.010118, 60.231356], [25.009985, 60.231115], [25.009903, 60.230801], [25.009896, 60.230577], [25.010049, 60.23027], [25.010116, 60.230117], [25.010519, 60.22971], [25.010891, 60.229492], [25.010027, 60.229255], [25.009453, 60.229099], [25.009053, 60.228995], [25.008199, 60.228812], [25.007692, 60.228735], [25.007438, 60.228701], [25.006442, 60.228601], [25.005989, 60.228541], [25.005537, 60.228491], [25.00463, 60.228345], [25.004085, 60.228241], [25.003668, 60.228164], [25.003396, 60.228112], [25.002412, 60.227831], [25.00254, 60.227867], [25.001576, 60.227632], [25.000574, 60.227326], [24.999936, 60.227106], [24.99917, 60.226834], [24.998731, 60.226657], [24.998457, 60.226552], [24.997854, 60.226287], [24.99725, 60.226022], [24.996335, 60.225589], [24.99564, 60.225281], [24.99469, 60.224884], [24.993649, 60.224497], [24.992446, 60.224093], [24.991499, 60.223813], [24.990227, 60.22349], [24.989427, 60.22329], [24.988627, 60.223107], [24.98692, 60.222725], [24.985339, 60.222351], [24.983974, 60.221966], [24.98319, 60.221712], [24.982187, 60.221359], [24.981329, 60.220997], [24.980688, 60.220706], [24.980139, 60.220441], [24.979168, 60.219936], [24.978672, 60.219657], [24.977129, 60.218731], [24.976228, 60.218163], [24.975659, 60.217808], [24.975142, 60.217435], [24.97444, 60.216884], [24.97102, 60.21348], [24.970648, 60.213097], [24.970457, 60.212721], [24.969916, 60.212115], [24.969224, 60.211294], [24.96885, 60.210848], [24.968755, 60.210687], [24.968695, 60.21049], [24.968673, 60.210347], [24.968667, 60.210149], [24.968678, 60.209916], [24.968671, 60.209674], [24.968631, 60.20953], [24.96855, 60.209244], [24.968396, 60.208904], [24.968054, 60.207686], [24.967708, 60.206961], [24.967437, 60.206335], [24.967152, 60.205852], [24.966792, 60.20527], [24.966793, 60.205279], [24.966641, 60.20502], [24.966264, 60.204484], [24.965815, 60.203922], [24.965609, 60.203654], [24.965366, 60.203387], [24.965236, 60.203244], [24.965089, 60.203138], [24.964683, 60.202826], [24.964075, 60.202382], [24.963779, 60.202133], [24.96339, 60.201804], [24.963223, 60.201634], [24.962945, 60.201358], [24.962796, 60.201198], [24.96259, 60.200948], [24.962308, 60.200546], [24.962117, 60.200206], [24.962021, 60.199992], [24.961825, 60.199446], [24.96178, 60.199141], [24.961756, 60.198943], [24.961629, 60.198195], [24.961824, 60.197579], [24.962135, 60.197119], [24.962149, 60.196957], [24.962437, 60.196335], [24.962788, 60.19551], [24.963048, 60.195048], [24.964216, 60.193666], [24.964337, 60.193494], [24.964539, 60.193017], [24.96457, 60.192846], [24.964487, 60.191676], [24.964438, 60.19081], [24.964431, 60.190568], [24.964248, 60.189878], [24.964081, 60.189481], [24.963453, 60.188355], [24.963389, 60.188206], [24.963279, 60.188126], [24.963041, 60.188002], [24.962786, 60.187905], [24.962481, 60.187822], [24.962113, 60.187712], [24.961913, 60.187651], [24.961758, 60.187582], [24.961601, 60.187474], [24.961453, 60.18734], [24.96134, 60.187161], [24.961277, 60.186857], [24.96113, 60.186158], [24.960989, 60.185629], [24.960799, 60.185307], [24.960501, 60.184968], [24.959966, 60.18455], [24.958951, 60.183758], [24.958306, 60.183269], [24.956895, 60.182566], [24.956442, 60.182367], [24.955785, 60.182076], [24.954109, 60.181459], [24.95227, 60.180799], [24.951345, 60.18045], [24.950266, 60.18006], [24.950138, 60.179998], [24.950028, 60.179918], [24.949935, 60.179838], [24.949842, 60.17974], [24.949854, 60.179533], [24.949886, 60.179233], [24.949924, 60.178728], [24.949965, 60.178384], [24.94996, 60.178222], [24.949987, 60.177881], [24.949998, 60.177647], [24.950026, 60.17736], [24.950119, 60.176237], [24.950143, 60.175815], [24.95023, 60.175079], [24.950267, 60.174504], [24.950228, 60.174415], [24.950081, 60.174299], [24.949936, 60.174264], [24.94979, 60.174211], [24.949679, 60.174122], [24.949622, 60.173997], [24.94962, 60.173925], [24.949581, 60.173818], [24.949248, 60.173515], [24.949179, 60.173448], [24.949136, 60.173408], [24.948897, 60.173185], [24.948803, 60.173069], [24.948709, 60.172935], [24.948469, 60.17274], [24.947952, 60.172286], [24.947878, 60.172232], [24.947805, 60.172179], [24.947713, 60.172135], [24.947586, 60.172109], [24.946991, 60.172086], [24.945223, 60.172036], [24.944962, 60.17201], [24.944537, 60.17196], [24.944211, 60.171909], [24.94376, 60.171899]]}}, {"type": "Feature", "properties": {"shape_id": "1506_20260122_1", "route_short_name": "506", "route_long_name": "Myllypuro(M)-Viikki-Kumpula-Pasila-Ruskeasuo", "route_type": "701", "color": "#bcbd22", "point_count": 390}, "geometry": {"type": "LineString", "coordinates": [[25.075504, 60.224411], [25.07529, 60.224668], [25.074979, 60.225074], [25.074719, 60.2254], [25.074077, 60.226186], [25.073973, 60.226321], [25.073572, 60.226764], [25.073413, 60.226882], [25.072933, 60.227111], [25.070822, 60.227684], [25.070339, 60.227787], [25.066914, 60.227913], [25.066484, 60.228007], [25.066469, 60.228096], [25.066382, 60.228187], [25.066239, 60.228233], [25.066059, 60.228243], [25.065683, 60.228336], [25.065433, 60.228437], [25.065165, 60.228502], [25.064968, 60.228557], [25.064753, 60.228604], [25.064322, 60.22867], [25.062739, 60.228835], [25.060545, 60.229069], [25.058458, 60.229265], [25.05752, 60.229308], [25.056871, 60.229322], [25.056462, 60.22933], [25.055772, 60.229385], [25.055562, 60.2294], [25.055431, 60.229433], [25.055089, 60.229471], [25.054568, 60.229556], [25.054299, 60.229603], [25.053797, 60.229697], [25.053457, 60.22978], [25.053117, 60.229873], [25.052831, 60.229974], [25.052333, 60.230184], [25.051799, 60.230431], [25.051552, 60.230603], [25.050866, 60.231156], [25.050406, 60.231456], [25.04968, 60.231884], [25.049184, 60.232157], [25.048508, 60.232494], [25.048077, 60.232746], [25.04723, 60.233151], [25.045773, 60.233907], [25.044883, 60.2343], [25.044544, 60.234402], [25.044383, 60.234466], [25.043919, 60.234631], [25.043025, 60.23488], [25.041662, 60.23516], [25.041033, 60.235255], [25.040439, 60.235314], [25.039141, 60.235369], [25.038383, 60.235357], [25.037442, 60.235274], [25.036862, 60.235207], [25.035992, 60.235096], [25.035575, 60.235046], [25.035158, 60.234986], [25.03465, 60.234891], [25.033705, 60.234692], [25.032905, 60.234492], [25.032613, 60.234414], [25.032431, 60.23437], [25.031776, 60.234187], [25.030573, 60.233819], [25.029736, 60.23361], [25.029171, 60.233426], [25.022326, 60.230966], [25.021451, 60.230703], [25.02034, 60.23038], [25.01852, 60.229873], [25.01699, 60.229445], [25.015806, 60.229069], [25.013381, 60.228297], [25.012674, 60.228204], [25.01215, 60.228172], [25.01177, 60.228148], [25.01181, 60.228291], [25.011814, 60.22839], [25.011772, 60.228628], [25.011735, 60.228759], [25.011614, 60.228948], [25.011456, 60.229093], [25.011156, 60.22932], [25.010891, 60.229492], [25.010538, 60.229737], [25.010344, 60.2299], [25.010152, 60.230099], [25.010049, 60.23027], [25.009182, 60.23025], [25.009001, 60.230243], [25.008278, 60.230194], [25.007483, 60.230154], [25.006741, 60.230106], [25.006236, 60.23011], [25.005913, 60.230166], [25.005609, 60.230249], [25.005396, 60.230368], [25.004883, 60.230704], [25.003521, 60.231612], [25.003308, 60.231721], [25.003111, 60.231785], [25.002787, 60.231824], [25.002589, 60.231825], [25.00248, 60.231808], [25.002353, 60.231782], [25.002226, 60.231747], [25.001586, 60.231501], [25.000985, 60.231299], [25.000382, 60.231061], [25.000071, 60.230947], [24.998848, 60.230471], [24.997956, 60.230218], [24.996905, 60.229941], [24.996537, 60.22986], [24.994794, 60.229541], [24.993797, 60.229405], [24.99244, 60.229281], [24.991317, 60.229155], [24.991117, 60.229111], [24.990862, 60.229023], [24.990697, 60.228926], [24.990436, 60.22865], [24.989838, 60.227972], [24.989634, 60.227803], [24.98957, 60.227762], [24.988914, 60.22727], [24.988691, 60.227056], [24.988542, 60.226887], [24.988428, 60.226699], [24.988352, 60.226565], [24.988272, 60.226332], [24.988251, 60.226189], [24.988311, 60.225775], [24.988655, 60.224624], [24.988686, 60.224453], [24.988665, 60.224363], [24.988569, 60.224176], [24.988397, 60.223854], [24.988376, 60.223737], [24.988336, 60.22363], [24.988351, 60.223531], [24.988366, 60.223423], [24.988383, 60.223387], [24.98854, 60.223207], [24.989193, 60.222717], [24.990115, 60.222189], [24.990414, 60.221945], [24.99057, 60.221728], [24.990638, 60.221593], [24.990725, 60.221485], [24.990936, 60.221313], [24.99051, 60.220948], [24.990139, 60.22061], [24.989789, 60.220352], [24.98955, 60.220201], [24.988178, 60.219574], [24.986934, 60.219027], [24.985417, 60.218346], [24.985015, 60.218179], [24.984267, 60.217906], [24.98383, 60.217765], [24.983484, 60.21766], [24.983029, 60.217547], [24.98263, 60.21746], [24.982231, 60.217391], [24.980072, 60.216995], [24.979793, 60.216947], [24.980068, 60.216259], [24.980136, 60.216114], [24.980326, 60.215844], [24.980551, 60.215519], [24.980601, 60.215375], [24.980577, 60.215169], [24.980501, 60.215053], [24.979975, 60.214365], [24.979876, 60.214218], [24.979542, 60.213749], [24.979111, 60.213169], [24.978514, 60.2125], [24.978118, 60.211938], [24.977555, 60.211215], [24.976922, 60.210555], [24.976601, 60.210174], [24.975428, 60.208816], [24.974738, 60.208058], [24.973971, 60.207131], [24.972857, 60.206053], [24.972508, 60.205888], [24.968516, 60.203804], [24.967075, 60.203249], [24.96659, 60.203132], [24.966296, 60.203111], [24.965918, 60.203132], [24.965323, 60.203154], [24.965089, 60.203138], [24.965236, 60.203244], [24.965366, 60.203387], [24.965609, 60.203654], [24.965665, 60.203735], [24.965964, 60.204074], [24.966264, 60.204484], [24.966641, 60.20502], [24.966793, 60.205279], [24.966038, 60.205357], [24.96584, 60.205367], [24.965695, 60.20535], [24.965585, 60.205306], [24.964317, 60.204704], [24.962428, 60.205646], [24.96286, 60.205856], [24.964049, 60.20643], [24.964179, 60.206537], [24.964164, 60.206654], [24.964379, 60.207245], [24.964472, 60.207325], [24.964893, 60.207556], [24.9661, 60.208122], [24.966521, 60.208325], [24.965526, 60.208826], [24.965188, 60.209008], [24.965029, 60.209108], [24.964532, 60.209372], [24.964301, 60.209481], [24.963465, 60.209909], [24.962754, 60.210264], [24.962684, 60.21031], [24.962542, 60.210383], [24.962346, 60.210483], [24.961814, 60.210801], [24.961389, 60.211046], [24.960982, 60.211336], [24.960629, 60.21159], [24.960276, 60.211862], [24.95989, 60.212206], [24.959206, 60.212884], [24.958561, 60.213578], [24.958193, 60.213439], [24.957117, 60.213015], [24.956441, 60.212751], [24.955438, 60.212345], [24.952096, 60.211034], [24.950456, 60.210379], [24.947679, 60.209328], [24.946736, 60.208952], [24.946572, 60.20889], [24.946106, 60.208827], [24.945085, 60.208722], [24.94469, 60.208679], [24.944345, 60.208619], [24.944114, 60.208579], [24.943765, 60.208506], [24.943275, 60.208411], [24.942586, 60.208255], [24.942113, 60.208132], [24.941223, 60.207905], [24.940622, 60.207712], [24.939946, 60.20746], [24.939328, 60.207228], [24.938782, 60.207043], [24.938109, 60.206859], [24.937395, 60.206736], [24.937115, 60.206777], [24.937026, 60.206813], [24.936902, 60.206904], [24.93669, 60.207067], [24.936424, 60.207203], [24.936138, 60.207295], [24.935761, 60.20737], [24.935383, 60.207399], [24.935131, 60.207401], [24.934932, 60.207384], [24.934624, 60.207342], [24.934461, 60.207307], [24.934279, 60.207245], [24.93406, 60.207166], [24.933877, 60.207069], [24.933748, 60.20698], [24.933637, 60.206873], [24.933506, 60.206721], [24.933186, 60.206248], [24.932959, 60.205864], [24.932857, 60.205433], [24.932731, 60.204824], [24.932754, 60.204374], [24.932813, 60.203898], [24.932806, 60.203656], [24.93282, 60.203512], [24.932878, 60.203018], [24.932924, 60.20273], [24.932956, 60.202595], [24.933008, 60.202487], [24.933073, 60.202236], [24.933158, 60.202046], [24.933325, 60.201579], [24.933561, 60.201002], [24.934209, 60.199444], [24.93487, 60.19822], [24.934921, 60.198112], [24.935057, 60.197841], [24.935107, 60.197706], [24.93573, 60.196337], [24.935803, 60.196176], [24.935922, 60.195915], [24.935934, 60.195699], [24.935928, 60.19551], [24.935837, 60.195046], [24.93591, 60.194864], [24.935783, 60.194192], [24.935706, 60.193995], [24.935629, 60.193825], [24.935571, 60.1937], [24.935478, 60.193602], [24.935349, 60.193495], [24.935148, 60.193398], [24.934965, 60.193309], [24.934566, 60.193222], [24.934149, 60.193136], [24.933643, 60.193094], [24.932756, 60.192984], [24.931816, 60.19285], [24.929585, 60.192454], [24.928238, 60.192193], [24.927284, 60.191999], [24.926794, 60.191904], [24.925634, 60.19167], [24.924618, 60.191426], [24.923775, 60.191178], [24.922452, 60.190696], [24.9209, 60.189979], [24.920394, 60.189929], [24.91646, 60.189768], [24.913541, 60.191089], [24.912791, 60.191363], [24.912386, 60.19147], [24.911936, 60.191629], [24.911577, 60.191793], [24.910112, 60.192246], [24.908971, 60.192736], [24.907435, 60.193276], [24.906364, 60.193642], [24.904114, 60.19443], [24.903489, 60.19464], [24.902999, 60.194843], [24.902902, 60.194905], [24.902617, 60.195059], [24.902445, 60.195173], [24.902141, 60.195421], [24.901877, 60.195684], [24.901756, 60.195873], [24.901665, 60.196475], [24.9014, 60.197838], [24.901381, 60.198094], [24.901388, 60.198717], [24.901244, 60.19891], [24.899812, 60.200589], [24.899606, 60.200959], [24.899522, 60.201184], [24.89945, 60.202513], [24.899473, 60.202683], [24.899464, 60.203016], [24.899367, 60.203224], [24.900336, 60.20327], [24.900404, 60.203108], [24.900457, 60.203054], [24.900831, 60.20288], [24.90158, 60.202598], [24.901794, 60.202516], [24.901939, 60.202541], [24.902156, 60.202567], [24.902589, 60.202582], [24.905025, 60.202619], [24.90553, 60.202634], [24.905728, 60.202641], [24.907303, 60.202846], [24.907516, 60.202719], [24.907768, 60.202708], [24.908237, 60.202705], [24.908346, 60.20274], [24.908349, 60.202839], [24.90826, 60.202893], [24.907828, 60.202914], [24.907612, 60.202907]]}}, {"type": "Feature", "properties": {"shape_id": "1506_20260122_2", "route_short_name": "506", "route_long_name": "Myllypuro(M)-Viikki-Kumpula-Pasila-Ruskeasuo", "route_type": "701", "color": "#bcbd22", "point_count": 416}, "geometry": {"type": "LineString", "coordinates": [[24.907612, 60.202907], [24.907431, 60.202917], [24.907285, 60.202846], [24.905728, 60.202641], [24.90553, 60.202634], [24.904429, 60.202605], [24.902589, 60.202582], [24.902174, 60.202567], [24.901921, 60.202542], [24.901794, 60.202516], [24.900688, 60.202945], [24.900457, 60.203054], [24.900404, 60.203117], [24.900336, 60.20327], [24.899367, 60.203224], [24.899091, 60.203234], [24.89912, 60.202614], [24.899179, 60.201832], [24.899214, 60.201132], [24.899297, 60.200898], [24.899417, 60.200664], [24.899609, 60.200438], [24.900308, 60.199608], [24.901024, 60.198786], [24.901109, 60.19857], [24.90117, 60.198175], [24.901219, 60.198013], [24.901287, 60.197682], [24.901401, 60.197374], [24.901473, 60.196692], [24.901487, 60.195902], [24.901319, 60.195687], [24.901241, 60.195499], [24.901274, 60.195391], [24.901343, 60.195274], [24.901468, 60.19522], [24.903967, 60.194332], [24.906092, 60.19359], [24.910272, 60.192188], [24.911069, 60.191854], [24.911305, 60.191732], [24.912821, 60.191185], [24.913288, 60.191029], [24.916225, 60.189743], [24.91644, 60.189705], [24.916638, 60.189704], [24.91792, 60.189776], [24.918245, 60.189801], [24.918624, 60.189807], [24.920212, 60.189868], [24.920446, 60.189875], [24.920916, 60.189917], [24.921305, 60.190012], [24.922083, 60.190393], [24.922794, 60.190693], [24.923177, 60.190834], [24.92345, 60.190922], [24.923995, 60.19108], [24.924649, 60.191273], [24.925454, 60.191485], [24.926665, 60.191788], [24.927173, 60.191901], [24.927444, 60.191944], [24.927734, 60.191987], [24.929473, 60.192307], [24.929908, 60.192376], [24.930801, 60.192545], [24.931613, 60.192696], [24.931884, 60.192739], [24.932446, 60.192834], [24.933061, 60.192928], [24.933749, 60.193022], [24.934149, 60.193136], [24.934855, 60.193256], [24.935221, 60.193424], [24.935385, 60.193513], [24.935533, 60.193646], [24.935609, 60.193772], [24.935705, 60.193977], [24.935804, 60.194282], [24.935846, 60.194497], [24.935911, 60.1949], [24.936024, 60.195061], [24.936045, 60.195196], [24.936108, 60.195491], [24.936117, 60.19564], [24.936152, 60.195769], [24.936136, 60.195859], [24.936106, 60.196057], [24.936057, 60.196228], [24.935982, 60.196382], [24.935785, 60.196813], [24.935692, 60.196971], [24.935648, 60.197074], [24.935292, 60.197858], [24.935138, 60.198137], [24.935087, 60.198245], [24.934701, 60.199088], [24.933798, 60.200994], [24.933762, 60.2011], [24.933508, 60.201694], [24.933373, 60.202018], [24.93329, 60.20227], [24.933144, 60.202854], [24.933111, 60.202971], [24.933096, 60.203061], [24.93305, 60.203358], [24.93304, 60.203636], [24.933035, 60.204094], [24.933064, 60.20448], [24.933198, 60.204758], [24.933304, 60.205305], [24.933464, 60.205851], [24.933539, 60.205976], [24.933669, 60.206083], [24.93376, 60.206145], [24.934069, 60.206224], [24.934341, 60.206258], [24.934684, 60.206282], [24.935027, 60.206307], [24.935661, 60.206374], [24.936077, 60.206434], [24.936422, 60.206512], [24.936712, 60.206555], [24.937618, 60.20671], [24.938162, 60.206823], [24.938779, 60.206971], [24.939271, 60.20712], [24.940711, 60.207658], [24.941231, 60.207853], [24.94164, 60.207974], [24.943056, 60.208296], [24.94331, 60.208357], [24.943582, 60.2084], [24.943908, 60.208443], [24.944215, 60.208458], [24.944811, 60.20849], [24.945166, 60.208495], [24.945424, 60.208495], [24.945605, 60.208501], [24.945984, 60.208518], [24.946265, 60.208538], [24.946618, 60.208639], [24.946838, 60.208736], [24.947145, 60.208842], [24.947658, 60.209044], [24.948734, 60.209458], [24.950194, 60.210058], [24.951344, 60.210508], [24.952238, 60.210869], [24.952426, 60.210936], [24.952986, 60.211151], [24.954045, 60.211565], [24.954884, 60.2119], [24.956399, 60.212493], [24.956873, 60.212676], [24.957219, 60.212799], [24.958205, 60.213188], [24.958715, 60.213372], [24.959048, 60.213047], [24.959224, 60.212866], [24.959925, 60.212188], [24.960558, 60.211636], [24.961407, 60.211046], [24.962542, 60.210383], [24.963661, 60.209809], [24.963856, 60.209709], [24.964532, 60.209372], [24.965029, 60.209108], [24.965188, 60.209008], [24.965526, 60.208826], [24.966521, 60.208325], [24.9661, 60.208131], [24.965716, 60.207936], [24.964893, 60.207547], [24.964472, 60.207325], [24.964379, 60.207245], [24.964164, 60.206645], [24.964179, 60.206528], [24.964049, 60.20643], [24.963428, 60.206139], [24.962428, 60.205646], [24.963895, 60.204906], [24.964317, 60.204704], [24.965585, 60.205306], [24.965695, 60.20535], [24.96584, 60.205367], [24.96602, 60.205357], [24.966667, 60.205298], [24.966793, 60.205279], [24.966641, 60.20502], [24.966264, 60.204484], [24.965815, 60.203922], [24.965609, 60.203654], [24.965366, 60.203387], [24.965236, 60.203244], [24.965089, 60.203138], [24.965122, 60.203039], [24.9653, 60.202984], [24.965804, 60.202953], [24.966453, 60.202939], [24.966907, 60.203026], [24.9672, 60.203099], [24.968516, 60.203804], [24.97027, 60.204573], [24.972084, 60.205479], [24.972591, 60.205734], [24.972962, 60.205944], [24.973203, 60.206158], [24.97365, 60.206648], [24.973971, 60.207131], [24.974905, 60.208228], [24.974943, 60.208281], [24.975017, 60.208361], [24.976922, 60.210555], [24.97754, 60.211215], [24.978118, 60.211938], [24.978419, 60.212366], [24.97909, 60.213172], [24.979876, 60.214218], [24.980275, 60.214749], [24.980501, 60.215044], [24.980595, 60.215169], [24.980583, 60.215375], [24.980551, 60.215528], [24.980068, 60.21625], [24.979793, 60.216947], [24.980072, 60.216995], [24.981069, 60.217167], [24.981795, 60.217314], [24.982231, 60.217391], [24.98263, 60.21746], [24.983029, 60.217547], [24.983484, 60.21766], [24.98383, 60.217765], [24.984267, 60.217906], [24.984686, 60.218046], [24.985416, 60.218337], [24.986112, 60.218673], [24.986898, 60.219009], [24.986934, 60.219027], [24.988178, 60.219574], [24.98955, 60.220201], [24.989789, 60.220352], [24.990139, 60.22061], [24.99051, 60.220948], [24.990936, 60.221313], [24.990725, 60.221485], [24.990639, 60.221602], [24.99057, 60.221728], [24.990414, 60.221945], [24.990115, 60.222189], [24.989796, 60.222371], [24.989193, 60.222717], [24.988558, 60.223206], [24.988383, 60.223387], [24.988366, 60.223423], [24.988351, 60.223531], [24.988336, 60.22363], [24.988376, 60.223737], [24.988397, 60.223845], [24.988411, 60.223988], [24.988629, 60.224364], [24.98865, 60.224462], [24.988619, 60.224624], [24.988337, 60.225452], [24.988222, 60.225812], [24.988215, 60.22618], [24.988254, 60.226332], [24.988352, 60.226565], [24.988428, 60.226699], [24.988524, 60.226878], [24.988691, 60.227047], [24.988933, 60.227279], [24.989745, 60.227883], [24.989856, 60.227972], [24.989897, 60.228038], [24.990436, 60.228659], [24.990697, 60.228917], [24.990862, 60.229023], [24.991044, 60.229076], [24.991335, 60.229127], [24.992529, 60.229235], [24.993217, 60.22932], [24.995229, 60.22961], [24.996773, 60.229894], [24.997627, 60.230103], [24.99801, 60.230208], [24.998848, 60.230471], [25.000071, 60.230947], [25.000656, 60.231167], [25.000985, 60.231299], [25.001586, 60.231501], [25.002226, 60.231747], [25.002353, 60.231782], [25.00248, 60.231808], [25.002589, 60.231825], [25.002787, 60.231824], [25.003111, 60.231785], [25.003308, 60.231721], [25.003521, 60.231612], [25.003769, 60.231457], [25.004228, 60.23114], [25.004512, 60.230958], [25.005396, 60.230368], [25.005609, 60.230249], [25.005877, 60.230176], [25.005913, 60.230166], [25.006128, 60.230129], [25.006236, 60.23011], [25.006741, 60.230106], [25.007483, 60.230154], [25.008278, 60.230194], [25.008702, 60.230209], [25.009362, 60.230249], [25.010049, 60.23027], [25.010116, 60.230117], [25.010519, 60.22971], [25.010891, 60.229492], [25.011474, 60.229084], [25.011614, 60.228939], [25.011735, 60.228759], [25.011819, 60.228552], [25.011832, 60.228399], [25.01181, 60.228291], [25.01177, 60.228148], [25.012168, 60.228172], [25.012674, 60.228204], [25.013381, 60.228297], [25.014182, 60.228533], [25.015605, 60.229007], [25.017282, 60.229524], [25.017737, 60.229646], [25.018429, 60.229847], [25.020449, 60.230406], [25.021196, 60.230634], [25.022326, 60.230966], [25.025008, 60.231906], [25.025373, 60.232037], [25.029171, 60.233417], [25.029736, 60.23361], [25.030573, 60.233819], [25.031284, 60.234038], [25.032304, 60.234326], [25.032777, 60.234457], [25.033032, 60.234518], [25.033159, 60.234553], [25.033705, 60.234692], [25.03465, 60.234891], [25.035194, 60.234986], [25.035992, 60.235096], [25.037442, 60.235274], [25.038401, 60.235357], [25.039141, 60.235369], [25.040421, 60.235323], [25.041033, 60.235264], [25.041698, 60.235151], [25.043025, 60.23488], [25.043919, 60.234622], [25.044401, 60.234466], [25.04547, 60.234017], [25.045773, 60.233907], [25.047212, 60.233151], [25.048077, 60.232746], [25.048651, 60.232421], [25.049308, 60.232093], [25.049698, 60.231884], [25.050424, 60.231447], [25.050866, 60.231156], [25.051552, 60.230594], [25.051799, 60.230431], [25.052226, 60.23023], [25.052617, 60.230056], [25.053153, 60.229864], [25.053492, 60.229771], [25.053797, 60.229697], [25.054533, 60.229565], [25.055053, 60.229471], [25.055305, 60.229443], [25.055862, 60.229375], [25.056462, 60.22933], [25.05752, 60.229308], [25.058458, 60.229265], [25.059646, 60.229156], [25.060545, 60.229069], [25.061498, 60.228971], [25.062721, 60.228836], [25.064322, 60.22867], [25.064753, 60.228604], [25.064914, 60.228567], [25.065433, 60.228437], [25.065683, 60.228336], [25.065839, 60.228146], [25.065818, 60.228075], [25.06586, 60.227991], [25.065958, 60.227921], [25.066156, 60.227901], [25.0663, 60.227909], [25.066589, 60.227898], [25.066896, 60.227913], [25.067328, 60.227892], [25.069978, 60.227808], [25.070339, 60.227787], [25.070625, 60.227731], [25.070859, 60.227684], [25.071806, 60.227416], [25.072933, 60.227102], [25.073413, 60.226882], [25.073572, 60.226764], [25.074095, 60.226186], [25.074441, 60.225743], [25.074719, 60.2254], [25.074979, 60.225074], [25.07529, 60.224668], [25.07588, 60.223945], [25.076205, 60.223505]]}}, {"type": "Feature", "properties": {"shape_id": "1701_20260203_1", "route_short_name": "701", "route_long_name": "Viikki-Pihlajamäki-Malmi-Suutarila-Siltamäki", "route_type": "704", "color": "#7f7f7f", "point_count": 597}, "geometry": {"type": "LineString", "coordinates": [[25.035736, 60.232398], [25.035816, 60.232387], [25.036034, 60.232439], [25.035949, 60.232583], [25.035826, 60.232692], [25.033914, 60.234466], [25.033705, 60.234692], [25.032905, 60.234492], [25.032613, 60.234414], [25.032431, 60.23437], [25.031776, 60.234187], [25.030573, 60.233819], [25.030873, 60.233592], [25.030994, 60.233439], [25.031045, 60.233331], [25.031041, 60.233196], [25.031034, 60.232999], [25.031047, 60.23281], [25.031059, 60.232056], [25.030448, 60.230984], [25.030185, 60.230663], [25.029999, 60.230485], [25.028783, 60.229275], [25.028627, 60.229319], [25.027836, 60.229424], [25.026973, 60.229539], [25.026453, 60.229642], [25.026024, 60.22978], [25.025418, 60.230018], [25.025169, 60.230136], [25.02453, 60.230464], [25.024387, 60.230528], [25.024244, 60.230556], [25.024153, 60.23053], [25.023639, 60.230265], [25.022981, 60.230566], [25.022326, 60.230966], [25.021451, 60.230703], [25.02034, 60.23038], [25.01852, 60.229873], [25.01699, 60.229445], [25.015806, 60.229069], [25.013381, 60.228297], [25.012674, 60.228204], [25.01215, 60.228172], [25.01177, 60.228148], [25.011637, 60.227943], [25.011543, 60.227827], [25.011414, 60.227729], [25.01123, 60.227614], [25.010333, 60.227207], [25.01015, 60.2271], [25.009965, 60.226976], [25.009373, 60.226487], [25.007227, 60.227114], [25.007048, 60.227169], [25.006796, 60.22718], [25.006688, 60.227198], [25.006617, 60.227253], [25.006565, 60.227307], [25.006583, 60.227881], [25.00604, 60.22785], [25.004755, 60.227716], [25.003994, 60.227614], [25.003776, 60.227571], [25.003648, 60.227518], [25.003537, 60.227429], [25.003461, 60.227304], [25.003209, 60.227324], [25.002848, 60.227326], [25.002649, 60.227319], [25.002451, 60.227311], [25.002052, 60.227243], [25.001852, 60.227199], [25.001306, 60.22706], [25.000742, 60.226894], [25.000104, 60.226692], [24.999283, 60.226393], [24.998404, 60.225996], [24.997505, 60.225491], [24.997394, 60.22542], [24.997284, 60.225349], [24.996603, 60.224905], [24.99592, 60.224408], [24.995662, 60.224212], [24.995364, 60.223936], [24.995215, 60.223785], [24.99475, 60.223304], [24.994435, 60.223046], [24.994178, 60.222886], [24.993884, 60.222718], [24.993536, 60.222541], [24.992901, 60.222212], [24.992894, 60.222205], [24.992419, 60.221993], [24.991924, 60.221763], [24.991596, 60.221631], [24.991211, 60.221454], [24.990936, 60.221313], [24.990725, 60.221485], [24.990639, 60.221602], [24.99057, 60.221728], [24.990414, 60.221945], [24.990115, 60.222189], [24.989796, 60.222371], [24.989193, 60.222717], [24.988558, 60.223206], [24.988383, 60.223387], [24.988366, 60.223423], [24.988351, 60.223531], [24.988336, 60.22363], [24.989347, 60.22364], [24.990234, 60.223732], [24.991016, 60.223924], [24.991507, 60.224082], [24.992256, 60.224381], [24.992494, 60.224478], [24.993589, 60.224901], [24.993808, 60.22498], [24.994027, 60.225068], [24.994191, 60.225121], [24.994812, 60.22535], [24.995177, 60.225481], [24.995544, 60.225703], [24.995788, 60.225997], [24.99605, 60.226301], [24.996287, 60.226398], [24.996616, 60.226539], [24.999408, 60.227532], [24.999591, 60.227611], [25.001032, 60.228139], [25.001251, 60.228218], [25.001399, 60.228325], [25.00151, 60.228414], [25.001531, 60.228503], [25.001516, 60.228602], [25.001517, 60.228656], [25.001342, 60.228828], [25.001272, 60.228882], [25.000971, 60.229091], [25.000492, 60.229398], [24.99945, 60.23009], [24.999184, 60.230253], [24.998848, 60.230471], [24.997131, 60.231597], [24.998807, 60.232237], [24.997253, 60.233248], [24.997201, 60.23332], [24.997076, 60.233366], [24.996986, 60.233375], [24.996948, 60.233313], [24.997055, 60.233267], [24.997271, 60.233239], [24.998807, 60.232237], [24.999157, 60.232363], [24.999265, 60.232353], [24.999427, 60.232325], [24.999639, 60.23218], [25.000063, 60.231898], [25.000307, 60.231731], [25.000684, 60.23149], [25.000985, 60.231299], [25.001586, 60.231501], [25.002226, 60.231747], [25.002353, 60.231782], [25.00248, 60.231808], [25.002589, 60.231825], [25.002787, 60.231824], [25.003111, 60.231785], [25.003308, 60.231721], [25.003521, 60.231612], [25.003769, 60.231457], [25.004228, 60.23114], [25.004512, 60.230958], [25.005396, 60.230368], [25.005609, 60.230249], [25.005877, 60.230176], [25.005913, 60.230166], [25.006128, 60.230129], [25.006236, 60.23011], [25.006741, 60.230106], [25.007483, 60.230154], [25.008278, 60.230194], [25.008702, 60.230209], [25.009362, 60.230249], [25.010049, 60.23027], [25.010019, 60.230468], [25.010011, 60.230809], [25.010033, 60.230917], [25.010056, 60.231069], [25.010133, 60.231239], [25.010209, 60.231355], [25.010321, 60.231471], [25.01058, 60.231676], [25.011262, 60.232137], [25.01174, 60.232448], [25.011551, 60.232754], [25.011492, 60.233168], [25.011497, 60.233329], [25.011448, 60.233509], [25.011415, 60.233581], [25.011363, 60.233653], [25.011151, 60.233825], [25.010478, 60.234234], [25.010248, 60.23438], [25.009982, 60.234525], [25.009893, 60.234653], [25.010228, 60.234914], [25.01039, 60.23489], [25.010518, 60.234934], [25.010538, 60.234997], [25.010449, 60.23506], [25.010288, 60.235089], [25.009984, 60.23519], [25.007238, 60.236889], [25.006819, 60.236775], [25.00628, 60.236869], [25.005544, 60.237001], [25.00506, 60.237085], [25.004519, 60.237116], [25.004086, 60.237119], [25.003742, 60.237095], [25.002798, 60.236923], [25.002054, 60.236776], [25.001781, 60.236715], [25.001634, 60.236635], [25.00143, 60.236457], [25.001392, 60.236386], [25.001388, 60.236269], [25.001474, 60.236125], [25.001526, 60.236062], [25.001615, 60.236007], [25.002005, 60.235762], [25.002501, 60.235453], [25.002587, 60.235345], [25.002601, 60.235201], [25.002543, 60.235085], [25.002486, 60.234986], [25.002268, 60.234916], [25.002254, 60.234885], [25.002339, 60.234898], [25.002467, 60.234942], [25.002511, 60.23504], [25.002601, 60.235201], [25.002587, 60.235345], [25.002501, 60.235453], [25.001615, 60.236016], [25.001526, 60.236062], [25.001474, 60.236125], [25.001388, 60.236269], [25.001392, 60.236395], [25.001431, 60.236466], [25.001616, 60.236626], [25.001799, 60.236715], [25.002036, 60.236776], [25.002744, 60.236914], [25.003742, 60.237095], [25.004086, 60.237119], [25.004519, 60.237116], [25.00506, 60.237085], [25.005544, 60.237001], [25.00628, 60.236869], [25.006837, 60.236775], [25.007053, 60.236756], [25.007238, 60.236889], [25.007361, 60.236789], [25.009292, 60.235608], [25.010002, 60.235189], [25.010228, 60.234914], [25.01039, 60.234872], [25.010536, 60.234934], [25.010574, 60.234997], [25.010576, 60.235059], [25.011177, 60.235321], [25.011057, 60.235433], [25.010897, 60.235524], [25.010738, 60.235624], [25.010526, 60.235778], [25.010402, 60.235904], [25.010159, 60.23622], [25.009692, 60.23687], [25.009432, 60.237222], [25.009126, 60.237575], [25.009177, 60.237718], [25.009141, 60.237745], [25.009051, 60.237746], [25.009015, 60.237737], [25.008996, 60.23771], [25.009136, 60.237575], [25.00945, 60.237204], [25.009727, 60.236843], [25.010211, 60.236139], [25.010402, 60.235895], [25.010526, 60.235778], [25.010738, 60.235624], [25.011074, 60.235424], [25.011177, 60.235321], [25.011985, 60.235094], [25.012808, 60.234872], [25.01356, 60.23466], [25.013973, 60.234594], [25.014298, 60.234591], [25.014551, 60.234625], [25.014696, 60.234642], [25.015206, 60.234791], [25.015518, 60.23495], [25.016221, 60.235501], [25.016443, 60.235679], [25.016554, 60.235768], [25.01722, 60.236292], [25.017478, 60.236452], [25.017845, 60.236628], [25.018155, 60.236761], [25.018357, 60.236867], [25.018579, 60.237036], [25.018638, 60.23717], [25.018645, 60.237276], [25.01866, 60.237322], [25.01865, 60.237574], [25.018653, 60.237672], [25.018638, 60.238355], [25.018718, 60.238605], [25.018799, 60.238883], [25.018878, 60.239089], [25.018953, 60.239169], [25.019195, 60.239427], [25.019427, 60.239336], [25.019696, 60.239262], [25.019929, 60.239233], [25.020181, 60.239213], [25.020614, 60.239201], [25.021066, 60.239197], [25.021094, 60.239547], [25.021015, 60.239889], [25.020863, 60.240146], [25.020879, 60.240159], [25.020723, 60.240394], [25.020531, 60.240602], [25.020272, 60.240999], [25.020137, 60.241287], [25.02012, 60.241341], [25.02009, 60.241539], [25.020075, 60.241629], [25.020077, 60.241682], [25.020049, 60.241943], [25.020037, 60.24214], [25.019168, 60.242316], [25.018728, 60.242411], [25.018315, 60.242495], [25.017688, 60.242643], [25.016218, 60.242978], [25.015754, 60.243152], [25.015559, 60.24327], [25.015351, 60.243405], [25.014641, 60.24395], [25.01408, 60.244502], [25.013019, 60.24521], [25.012488, 60.245555], [25.012329, 60.245673], [25.01217, 60.245809], [25.01203, 60.245972], [25.011928, 60.246161], [25.011897, 60.246341], [25.011783, 60.246719], [25.011699, 60.246926], [25.011648, 60.247025], [25.011613, 60.247079], [25.011234, 60.247516], [25.011144, 60.247657], [25.010951, 60.247838], [25.01019, 60.248355], [25.010846, 60.24853], [25.011572, 60.248659], [25.011753, 60.248684], [25.012751, 60.248838], [25.013277, 60.248924], [25.013244, 60.249005], [25.013003, 60.249384], [25.012932, 60.249438], [25.012239, 60.249794], [25.012026, 60.249903], [25.01262, 60.25019], [25.012668, 60.250221], [25.012668, 60.250239], [25.012669, 60.250275], [25.012598, 60.250321], [25.012141, 60.250536], [25.012029, 60.250603], [25.011424, 60.250886], [25.011172, 60.250915], [25.010695, 60.250658], [25.010746, 60.250528], [25.011906, 60.249954], [25.011919, 60.249958], [25.012026, 60.249903], [25.012914, 60.249439], [25.012985, 60.249384], [25.013209, 60.249041], [25.013277, 60.248924], [25.011753, 60.248684], [25.011572, 60.248659], [25.011191, 60.24859], [25.010846, 60.24853], [25.01019, 60.248355], [25.009713, 60.248691], [25.009412, 60.248873], [25.009113, 60.249153], [25.009027, 60.249271], [25.008959, 60.249424], [25.008823, 60.249694], [25.009207, 60.249853], [25.009394, 60.250058], [25.009383, 60.250282], [25.009297, 60.250427], [25.009174, 60.250526], [25.008996, 60.250617], [25.008942, 60.250627], [25.008763, 60.250673], [25.008611, 60.250678], [25.008556, 60.250998], [25.00842, 60.251277], [25.008281, 60.25144], [25.008158, 60.251557], [25.007999, 60.251666], [25.006969, 60.252221], [25.006693, 60.252313], [25.006449, 60.252387], [25.005208, 60.252567], [25.004867, 60.252623], [25.00424, 60.252781], [25.003936, 60.252882], [25.003545, 60.253082], [25.003403, 60.253182], [25.003175, 60.253399], [25.002914, 60.253697], [25.00283, 60.253913], [25.002454, 60.254598], [25.002297, 60.254788], [25.002052, 60.255041], [25.001916, 60.255013], [25.001797, 60.254989], [25.001506, 60.25492], [25.000387, 60.254519], [25.000843, 60.253875], [25.001036, 60.253622], [25.001613, 60.25368], [25.002376, 60.253845], [25.002654, 60.253884], [25.00283, 60.253913], [25.002454, 60.254598], [25.002315, 60.254779], [25.002052, 60.255041], [25.001823, 60.255249], [25.0014, 60.255567], [25.000866, 60.255831], [24.999619, 60.256415], [24.997777, 60.257264], [24.997072, 60.257601], [24.996555, 60.25782], [24.995982, 60.258004], [24.994728, 60.258337], [24.993581, 60.258641], [24.992952, 60.258798], [24.99245, 60.25893], [24.989981, 60.259629], [24.98937, 60.25975], [24.98921, 60.259823], [24.989194, 60.259904], [24.989141, 60.25994], [24.989235, 60.260047], [24.990015, 60.260777], [24.990166, 60.260992], [24.990852, 60.261561], [24.991278, 60.261917], [24.991594, 60.262193], [24.991874, 60.262514], [24.99195, 60.262621], [24.992046, 60.2628], [24.992068, 60.262943], [24.992093, 60.263176], [24.992082, 60.26341], [24.992017, 60.263635], [24.991932, 60.263824], [24.991774, 60.264004], [24.991723, 60.264113], [24.99185, 60.264121], [24.991941, 60.264147], [24.992014, 60.264182], [24.992052, 60.264227], [24.992037, 60.264317], [24.991984, 60.264371], [24.991948, 60.264389], [24.991787, 60.264417], [24.991811, 60.264606], [24.991833, 60.264749], [24.991929, 60.264946], [24.992138, 60.265267], [24.992762, 60.266205], [24.9931, 60.266606], [24.993308, 60.266901], [24.993308, 60.26691], [24.993425, 60.267214], [24.993696, 60.267203], [24.994459, 60.267323], [24.99533, 60.267469], [24.995893, 60.267547], [24.996419, 60.267633], [24.996619, 60.267649], [24.99827, 60.267879], [24.998796, 60.267965], [25.001063, 60.268244], [25.001607, 60.268303], [25.002606, 60.268448], [25.00364, 60.268556], [25.003929, 60.268563], [25.004254, 60.268561], [25.00447, 60.268541], [25.005048, 60.268519], [25.005391, 60.268516], [25.005844, 60.268549], [25.006057, 60.268564], [25.006465, 60.268609], [25.007386, 60.268752], [25.010084, 60.268938], [25.010121, 60.268983], [25.010068, 60.269028], [25.009964, 60.269164], [25.009501, 60.269365], [25.007525, 60.270331], [25.007276, 60.270459], [25.005354, 60.271452], [25.005123, 60.271579], [25.004162, 60.27208], [25.002436, 60.272928], [25.001894, 60.274117], [25.001706, 60.274486], [25.00162, 60.274603], [25.001463, 60.274802], [25.00127, 60.275001], [25.001253, 60.27501], [25.000952, 60.275228], [25.000704, 60.275391], [25.001289, 60.275602], [25.001692, 60.27577], [25.002278, 60.276043], [25.003506, 60.276609], [25.004644, 60.277165], [25.006058, 60.277873], [25.006846, 60.278226], [25.007268, 60.278429], [25.007927, 60.278711], [25.00943, 60.279382], [25.009926, 60.279647], [25.010404, 60.279922], [25.010607, 60.280046], [25.010811, 60.280206], [25.010899, 60.280278], [25.011239, 60.280616], [25.011559, 60.281008], [25.011541, 60.281017], [25.009977, 60.281325], [25.008648, 60.281605], [25.008415, 60.281687], [25.006547, 60.282635], [25.005, 60.283464], [25.003416, 60.284274], [25.00147, 60.282709], [25.001358, 60.282603], [25.001261, 60.282485], [25.000677, 60.281611], [25.002846, 60.280437], [25.0037, 60.280009], [25.003789, 60.279936], [24.999605, 60.279672], [24.999333, 60.279638], [24.998897, 60.27956], [24.998606, 60.279491], [24.998478, 60.279465], [24.997349, 60.279195], [24.995729, 60.278803], [24.995529, 60.27876], [24.994762, 60.278515], [24.994214, 60.27833], [24.993685, 60.278164], [24.992499, 60.277796], [24.99146, 60.277507], [24.991078, 60.27742], [24.990243, 60.277301], [24.98988, 60.27725], [24.990089, 60.276822], [24.990751, 60.275565], [24.990961, 60.275339], [24.991239, 60.274987], [24.991483, 60.27468], [24.995458, 60.275269], [24.996058, 60.275363], [24.996189, 60.275342]]}}, {"type": "Feature", "properties": {"shape_id": "1701_20260203_2", "route_short_name": "701", "route_long_name": "Viikki-Pihlajamäki-Malmi-Suutarila-Siltamäki", "route_type": "704", "color": "#7f7f7f", "point_count": 583}, "geometry": {"type": "LineString", "coordinates": [[24.996189, 60.275342], [24.996292, 60.275335], [24.9964, 60.275343], [24.99642, 60.275379], [24.996402, 60.275406], [24.996313, 60.275433], [24.996186, 60.275407], [24.996058, 60.275381], [24.995458, 60.275269], [24.994133, 60.275073], [24.992881, 60.274894], [24.9919, 60.274739], [24.991483, 60.27468], [24.990394, 60.274517], [24.986218, 60.273883], [24.991483, 60.27468], [24.990995, 60.275294], [24.990751, 60.275574], [24.98988, 60.27725], [24.990243, 60.277301], [24.990897, 60.277395], [24.991078, 60.27742], [24.99146, 60.277507], [24.992499, 60.277796], [24.993685, 60.278164], [24.994762, 60.278515], [24.995164, 60.278637], [24.995529, 60.27876], [24.995729, 60.278803], [24.997349, 60.279195], [24.997859, 60.279308], [24.998478, 60.279465], [24.998879, 60.279561], [24.999315, 60.279638], [24.999714, 60.279671], [25.000474, 60.279728], [25.001507, 60.279792], [25.003789, 60.279936], [25.0037, 60.280009], [25.002846, 60.280437], [25.000677, 60.281611], [25.001358, 60.282594], [25.00147, 60.282709], [25.003416, 60.284274], [25.004803, 60.283546], [25.006582, 60.282599], [25.008397, 60.28167], [25.010138, 60.281288], [25.011541, 60.281017], [25.011239, 60.280616], [25.010996, 60.280357], [25.010811, 60.280206], [25.010607, 60.280046], [25.010404, 60.279922], [25.009816, 60.279585], [25.009643, 60.279504], [25.009411, 60.279373], [25.007945, 60.278711], [25.007268, 60.278429], [25.006791, 60.278199], [25.006058, 60.277873], [25.005415, 60.277554], [25.004644, 60.277165], [25.003506, 60.276609], [25.002278, 60.276043], [25.001692, 60.27577], [25.001289, 60.275602], [25.000704, 60.275391], [25.000952, 60.275228], [25.00127, 60.275001], [25.001463, 60.274802], [25.00162, 60.274603], [25.001706, 60.274486], [25.001808, 60.274261], [25.001894, 60.274117], [25.002436, 60.272928], [25.004518, 60.271889], [25.005123, 60.271579], [25.007276, 60.270459], [25.007525, 60.270331], [25.009964, 60.269164], [25.010068, 60.269028], [25.009957, 60.268939], [25.009541, 60.268907], [25.009197, 60.268882], [25.00744, 60.268761], [25.006769, 60.268667], [25.006465, 60.268609], [25.006134, 60.268582], [25.005842, 60.26854], [25.005427, 60.268516], [25.005012, 60.268519], [25.00429, 60.26856], [25.003947, 60.268563], [25.003622, 60.268557], [25.00257, 60.268439], [25.001063, 60.268244], [25.000501, 60.268167], [24.999068, 60.26799], [24.998796, 60.267965], [24.998252, 60.267879], [24.996401, 60.267624], [24.995893, 60.267547], [24.995403, 60.267469], [24.99533, 60.267469], [24.994695, 60.267366], [24.994386, 60.267315], [24.993714, 60.267203], [24.993425, 60.267214], [24.99329, 60.26691], [24.993101, 60.266633], [24.992762, 60.266196], [24.992138, 60.265285], [24.991948, 60.264955], [24.991833, 60.264749], [24.991792, 60.264606], [24.991787, 60.264417], [24.991624, 60.26441], [24.991569, 60.264392], [24.991496, 60.264357], [24.991441, 60.264321], [24.991438, 60.264222], [24.991508, 60.264168], [24.991633, 60.264122], [24.991723, 60.264113], [24.991774, 60.263996], [24.991932, 60.263824], [24.992017, 60.263626], [24.992082, 60.26341], [24.992093, 60.263167], [24.992086, 60.262934], [24.992046, 60.2628], [24.99195, 60.26263], [24.991874, 60.262514], [24.991593, 60.262184], [24.99037, 60.26117], [24.990241, 60.261063], [24.989982, 60.260858], [24.989034, 60.259968], [24.988925, 60.259969], [24.988779, 60.259916], [24.98874, 60.259836], [24.988793, 60.259781], [24.98887, 60.259754], [24.989009, 60.259753], [24.989099, 60.259761], [24.989476, 60.259669], [24.989851, 60.259531], [24.993746, 60.25852], [24.99469, 60.258283], [24.99607, 60.257905], [24.996588, 60.25773], [24.998442, 60.256891], [24.999433, 60.256406], [25.000899, 60.255741], [25.001308, 60.255532], [25.001916, 60.255013], [25.001797, 60.254989], [25.001506, 60.25492], [25.000387, 60.254519], [25.000843, 60.253875], [25.001036, 60.253622], [25.001613, 60.25368], [25.002376, 60.253845], [25.002654, 60.253884], [25.002973, 60.253383], [25.003257, 60.253129], [25.003375, 60.253035], [25.003861, 60.252793], [25.004415, 60.252618], [25.004918, 60.252515], [25.005224, 60.252468], [25.005475, 60.252421], [25.006517, 60.252252], [25.006822, 60.252151], [25.007235, 60.251937], [25.008031, 60.251531], [25.008225, 60.251368], [25.00833, 60.25126], [25.008399, 60.25116], [25.008467, 60.251025], [25.008611, 60.250678], [25.008763, 60.250664], [25.009014, 60.250608], [25.009103, 60.250581], [25.009245, 60.250508], [25.009368, 60.25039], [25.009365, 60.250273], [25.009399, 60.25021], [25.009395, 60.250094], [25.009338, 60.249995], [25.009225, 60.249862], [25.009005, 60.249738], [25.008823, 60.249694], [25.008923, 60.249415], [25.009027, 60.249271], [25.009131, 60.249135], [25.009236, 60.249045], [25.009483, 60.248845], [25.009748, 60.248664], [25.010067, 60.248464], [25.01019, 60.248355], [25.010846, 60.24853], [25.011572, 60.248659], [25.011753, 60.248684], [25.012751, 60.248838], [25.013277, 60.248924], [25.013244, 60.249005], [25.013003, 60.249384], [25.012932, 60.249438], [25.012239, 60.249794], [25.012026, 60.249903], [25.01262, 60.25019], [25.012668, 60.250221], [25.012668, 60.250239], [25.012669, 60.250275], [25.012598, 60.250321], [25.012141, 60.250536], [25.012029, 60.250603], [25.011424, 60.250886], [25.011172, 60.250915], [25.010695, 60.250658], [25.010746, 60.250528], [25.011906, 60.249954], [25.011919, 60.249958], [25.012026, 60.249903], [25.012914, 60.249439], [25.012985, 60.249384], [25.013209, 60.249041], [25.013277, 60.248924], [25.011753, 60.248684], [25.011572, 60.248659], [25.011191, 60.24859], [25.010846, 60.24853], [25.01019, 60.248355], [25.01085, 60.247779], [25.011389, 60.247248], [25.011697, 60.246881], [25.011731, 60.2468], [25.011799, 60.246656], [25.011897, 60.246332], [25.011928, 60.246152], [25.01203, 60.245972], [25.01217, 60.2458], [25.012382, 60.245637], [25.0127, 60.245419], [25.013214, 60.245083], [25.013603, 60.244829], [25.013921, 60.244611], [25.014254, 60.244276], [25.014675, 60.243878], [25.015364, 60.243381], [25.015559, 60.24327], [25.015754, 60.243152], [25.016218, 60.242978], [25.017688, 60.242643], [25.018315, 60.242495], [25.018218, 60.242508], [25.018942, 60.242346], [25.019247, 60.242272], [25.020037, 60.24214], [25.020049, 60.241943], [25.020077, 60.241682], [25.020075, 60.241629], [25.02009, 60.241539], [25.02012, 60.241341], [25.020137, 60.241287], [25.020272, 60.240999], [25.020531, 60.240602], [25.02093, 60.240069], [25.021014, 60.239871], [25.021094, 60.239547], [25.021066, 60.239197], [25.020614, 60.239201], [25.020181, 60.239213], [25.019929, 60.239233], [25.019696, 60.239262], [25.019427, 60.239336], [25.019195, 60.239427], [25.018991, 60.23924], [25.018908, 60.23915], [25.018878, 60.239089], [25.018799, 60.238883], [25.018739, 60.238704], [25.018718, 60.238605], [25.018638, 60.238355], [25.018653, 60.237672], [25.01865, 60.237574], [25.01866, 60.237322], [25.018637, 60.237161], [25.018579, 60.237036], [25.018339, 60.236858], [25.018174, 60.23676], [25.01779, 60.236602], [25.01746, 60.236443], [25.01722, 60.236283], [25.01698, 60.236096], [25.016526, 60.23575], [25.016443, 60.235688], [25.016202, 60.235483], [25.015518, 60.23495], [25.015206, 60.234791], [25.014696, 60.234642], [25.014672, 60.234631], [25.014298, 60.234591], [25.013973, 60.234594], [25.01356, 60.23466], [25.012808, 60.234872], [25.011985, 60.235094], [25.011177, 60.235321], [25.011057, 60.235433], [25.010897, 60.235524], [25.010738, 60.235624], [25.010526, 60.235778], [25.010402, 60.235904], [25.010159, 60.23622], [25.009692, 60.23687], [25.009432, 60.237222], [25.009126, 60.237575], [25.009177, 60.237718], [25.009141, 60.237745], [25.009051, 60.237746], [25.009015, 60.237737], [25.008996, 60.23771], [25.009136, 60.237575], [25.00945, 60.237204], [25.009727, 60.236843], [25.010211, 60.236139], [25.010402, 60.235895], [25.010526, 60.235778], [25.010738, 60.235624], [25.011074, 60.235424], [25.011177, 60.235321], [25.010576, 60.235059], [25.010449, 60.23506], [25.010324, 60.235079], [25.010214, 60.235044], [25.010195, 60.234991], [25.010228, 60.234914], [25.01039, 60.23489], [25.010518, 60.234934], [25.010538, 60.234997], [25.010449, 60.23506], [25.010288, 60.235089], [25.009984, 60.23519], [25.007238, 60.236889], [25.006819, 60.236775], [25.00628, 60.236869], [25.005544, 60.237001], [25.00506, 60.237085], [25.004519, 60.237116], [25.004086, 60.237119], [25.003742, 60.237095], [25.002798, 60.236923], [25.002054, 60.236776], [25.001781, 60.236715], [25.001634, 60.236635], [25.00143, 60.236457], [25.001392, 60.236386], [25.001388, 60.236269], [25.001474, 60.236125], [25.001526, 60.236062], [25.001615, 60.236007], [25.002005, 60.235762], [25.002501, 60.235453], [25.002587, 60.235345], [25.002601, 60.235201], [25.002543, 60.235085], [25.002486, 60.234986], [25.002268, 60.234916], [25.002254, 60.234885], [25.002339, 60.234898], [25.002467, 60.234942], [25.002511, 60.23504], [25.002601, 60.235201], [25.002587, 60.235345], [25.002501, 60.235453], [25.001615, 60.236016], [25.001526, 60.236062], [25.001474, 60.236125], [25.001388, 60.236269], [25.001392, 60.236395], [25.001431, 60.236466], [25.001616, 60.236626], [25.001799, 60.236715], [25.002036, 60.236776], [25.002744, 60.236914], [25.003742, 60.237095], [25.004086, 60.237119], [25.004519, 60.237116], [25.00506, 60.237085], [25.005544, 60.237001], [25.00628, 60.236869], [25.006837, 60.236775], [25.007053, 60.236756], [25.007238, 60.236889], [25.007361, 60.236789], [25.009292, 60.235608], [25.010002, 60.235189], [25.010228, 60.234914], [25.009893, 60.234653], [25.009982, 60.234525], [25.010318, 60.234316], [25.01046, 60.234226], [25.010726, 60.23408], [25.011151, 60.233825], [25.011363, 60.233653], [25.011448, 60.233509], [25.011497, 60.233329], [25.011551, 60.232754], [25.01174, 60.232448], [25.011227, 60.232191], [25.01089, 60.231995], [25.010601, 60.231774], [25.010249, 60.231499], [25.010118, 60.231356], [25.009985, 60.231115], [25.009903, 60.230801], [25.009896, 60.230577], [25.010049, 60.23027], [25.009182, 60.23025], [25.009001, 60.230243], [25.008278, 60.230194], [25.007483, 60.230154], [25.006741, 60.230106], [25.006236, 60.23011], [25.005913, 60.230166], [25.005609, 60.230249], [25.005396, 60.230368], [25.004883, 60.230704], [25.003521, 60.231612], [25.003308, 60.231721], [25.003111, 60.231785], [25.002787, 60.231824], [25.002589, 60.231825], [25.00248, 60.231808], [25.002353, 60.231782], [25.002226, 60.231747], [25.001586, 60.231501], [25.000985, 60.231299], [25.000737, 60.231462], [25.000684, 60.23149], [25.000063, 60.231898], [24.999639, 60.23218], [24.999427, 60.232325], [24.999265, 60.232353], [24.999157, 60.232363], [24.998807, 60.232237], [24.997253, 60.233248], [24.997201, 60.23332], [24.997076, 60.233366], [24.996986, 60.233375], [24.996948, 60.233313], [24.997055, 60.233267], [24.997271, 60.233239], [24.998807, 60.232237], [24.997131, 60.231597], [24.998245, 60.230871], [24.998848, 60.230471], [24.99975, 60.229881], [25.000157, 60.229627], [25.000316, 60.229509], [25.000511, 60.229399], [25.000971, 60.229091], [25.001272, 60.228882], [25.001342, 60.228828], [25.001517, 60.228656], [25.001516, 60.228602], [25.001531, 60.228503], [25.001454, 60.22836], [25.001399, 60.228325], [25.001251, 60.228218], [24.999097, 60.227418], [24.998879, 60.227347], [24.99886, 60.227339], [24.996616, 60.226539], [24.996251, 60.226389], [24.99605, 60.226301], [24.995937, 60.22614], [24.995769, 60.225971], [24.995544, 60.225703], [24.995177, 60.225481], [24.994611, 60.225279], [24.9941, 60.225095], [24.993881, 60.225007], [24.993626, 60.22491], [24.993461, 60.224848], [24.992768, 60.224584], [24.992439, 60.224461], [24.992256, 60.224372], [24.992074, 60.224302], [24.991544, 60.2241], [24.991307, 60.224012], [24.991016, 60.223924], [24.990852, 60.223871], [24.990234, 60.223732], [24.98989, 60.22369], [24.989184, 60.223633], [24.988607, 60.223619], [24.988336, 60.22363], [24.988351, 60.223531], [24.988366, 60.223423], [24.988383, 60.223387], [24.98854, 60.223207], [24.989193, 60.222717], [24.990115, 60.222189], [24.990414, 60.221945], [24.99057, 60.221728], [24.990638, 60.221593], [24.990725, 60.221485], [24.990936, 60.221313], [24.991211, 60.221454], [24.991596, 60.221631], [24.991924, 60.221763], [24.992419, 60.221993], [24.992894, 60.222205], [24.992901, 60.222212], [24.993536, 60.222541], [24.993884, 60.222718], [24.994178, 60.222886], [24.994435, 60.223046], [24.99475, 60.223304], [24.995476, 60.224052], [24.995885, 60.224426], [24.996087, 60.224559], [24.996383, 60.224781], [24.996695, 60.224967], [24.997597, 60.225553], [24.999136, 60.226331], [25.001307, 60.227078], [25.002052, 60.227243], [25.002451, 60.227311], [25.002848, 60.227326], [25.003209, 60.227324], [25.003461, 60.227304], [25.003611, 60.227473], [25.003721, 60.227535], [25.003867, 60.227597], [25.004031, 60.227641], [25.00557, 60.227817], [25.006583, 60.227881], [25.006619, 60.227298], [25.006706, 60.227207], [25.007066, 60.22716], [25.008174, 60.22681], [25.009373, 60.226487], [25.009965, 60.226976], [25.01015, 60.2271], [25.010333, 60.227207], [25.010644, 60.227339], [25.011083, 60.227516], [25.011432, 60.227729], [25.011543, 60.227827], [25.011637, 60.227943], [25.01177, 60.228148], [25.012168, 60.228172], [25.012674, 60.228204], [25.013381, 60.228297], [25.014182, 60.228533], [25.015605, 60.229007], [25.017282, 60.229524], [25.017737, 60.229646], [25.018429, 60.229847], [25.020449, 60.230406], [25.021196, 60.230634], [25.022326, 60.230966], [25.025008, 60.231906], [25.025373, 60.232037], [25.029171, 60.233417], [25.029736, 60.23361], [25.030573, 60.233819], [25.031284, 60.234038], [25.032304, 60.234326], [25.032777, 60.234457], [25.033032, 60.234518], [25.033159, 60.234553], [25.033705, 60.234692], [25.033932, 60.234457], [25.035142, 60.233326], [25.035703, 60.23281], [25.035826, 60.232692], [25.03584, 60.232575], [25.035736, 60.232398]]}}, {"type": "Feature", "properties": {"shape_id": "2015 3_20250113_1", "route_short_name": "15", "route_long_name": "Itäkeskus (M)-Keilaniemi (M)", "route_type": "900", "color": "#d62728", "point_count": 739}, "geometry": {"type": "LineString", "coordinates": [[25.058607, 60.214871], [25.058276, 60.215236], [25.057995, 60.215463], [25.057323, 60.215899], [25.056685, 60.216227], [25.056293, 60.216401], [25.055866, 60.216566], [25.055063, 60.21685], [25.054653, 60.216997], [25.054225, 60.217144], [25.053778, 60.217292], [25.053296, 60.217421], [25.052544, 60.217616], [25.051773, 60.217783], [25.05102, 60.217933], [25.05023, 60.218056], [25.049368, 60.218179], [25.048777, 60.218254], [25.046279, 60.218626], [25.044896, 60.218816], [25.044484, 60.218891], [25.044125, 60.218957], [25.04391, 60.218994], [25.043713, 60.219041], [25.0433, 60.219125], [25.042906, 60.219209], [25.042099, 60.219368], [25.040863, 60.219629], [25.039608, 60.21989], [25.037062, 60.220422], [25.034499, 60.220962], [25.031936, 60.221503], [25.030556, 60.221783], [25.029212, 60.222063], [25.021686, 60.223623], [25.021233, 60.223722], [25.020606, 60.223862], [25.019441, 60.224095], [25.018293, 60.224337], [25.017702, 60.224458], [25.017451, 60.224532], [25.01722, 60.224633], [25.01715, 60.224705], [25.016958, 60.224922], [25.016784, 60.225139], [25.01668, 60.225256], [25.016558, 60.225401], [25.016071, 60.225997], [25.015967, 60.226123], [25.01588, 60.226223], [25.015774, 60.226304], [25.01558, 60.22644], [25.015349, 60.226568], [25.015135, 60.22665], [25.014903, 60.226724], [25.01467, 60.226788], [25.014365, 60.226845], [25.013934, 60.226902], [25.013287, 60.226996], [25.012604, 60.227091], [25.011757, 60.227211], [25.011599, 60.227243], [25.011436, 60.227262], [25.011112, 60.227299], [25.01095, 60.22731], [25.010769, 60.227275], [25.010586, 60.227196], [25.010366, 60.22709], [25.010181, 60.226956], [25.009256, 60.226192], [25.009128, 60.226112], [25.008964, 60.226059], [25.008782, 60.226025], [25.008583, 60.226008], [25.008366, 60.226019], [25.008079, 60.226075], [25.007633, 60.22624], [25.006242, 60.226771], [25.00526, 60.227129], [25.004653, 60.227331], [25.004063, 60.227515], [25.002901, 60.227873], [25.001847, 60.228214], [25.001418, 60.228369], [25.00101, 60.228579], [25.000637, 60.228797], [24.999893, 60.229234], [24.998953, 60.22977], [24.998669, 60.229925], [24.998601, 60.229948], [24.998136, 60.230198], [24.997922, 60.230308], [24.99744, 60.230491], [24.996903, 60.230656], [24.996617, 60.23073], [24.996348, 60.230795], [24.995864, 60.230907], [24.9952, 60.231019], [24.994822, 60.231067], [24.994319, 60.231134], [24.993581, 60.231184], [24.99286, 60.231225], [24.992156, 60.231222], [24.991506, 60.231209], [24.989917, 60.231176], [24.988328, 60.231143], [24.985998, 60.231097], [24.983686, 60.231034], [24.982566, 60.231006], [24.981484, 60.231014], [24.980852, 60.231028], [24.980348, 60.231049], [24.979047, 60.231118], [24.978816, 60.231133], [24.978491, 60.231153], [24.977662, 60.231204], [24.976058, 60.231279], [24.975662, 60.23129], [24.975246, 60.231285], [24.974812, 60.231261], [24.97436, 60.231219], [24.97398, 60.231177], [24.973581, 60.231117], [24.973254, 60.231048], [24.972945, 60.230969], [24.972745, 60.230908], [24.972471, 60.23082], [24.972289, 60.230759], [24.971996, 60.230635], [24.971098, 60.230174], [24.970201, 60.229714], [24.969559, 60.229378], [24.968918, 60.22905], [24.968329, 60.228757], [24.967892, 60.228528], [24.9678, 60.228475], [24.967708, 60.228413], [24.967651, 60.228341], [24.967632, 60.228279], [24.967629, 60.22818], [24.967662, 60.228081], [24.967728, 60.227883], [24.967742, 60.227748], [24.967704, 60.227677], [24.96763, 60.227615], [24.967483, 60.227526], [24.967301, 60.227482], [24.967121, 60.227475], [24.966814, 60.227495], [24.966654, 60.227568], [24.966512, 60.227641], [24.965374, 60.228214], [24.964272, 60.228797], [24.963454, 60.229216], [24.963348, 60.229279], [24.962772, 60.229648], [24.960872, 60.230985], [24.960002, 60.231494], [24.959132, 60.231994], [24.958953, 60.232067], [24.958739, 60.23214], [24.958487, 60.232187], [24.958236, 60.232216], [24.957929, 60.232227], [24.95773, 60.232219], [24.957513, 60.232194], [24.956482, 60.231963], [24.955842, 60.23182], [24.955116, 60.231682], [24.954407, 60.231516], [24.951518, 60.230855], [24.950211, 60.230586], [24.948904, 60.230308], [24.948341, 60.230196], [24.947833, 60.23011], [24.947271, 60.230024], [24.946878, 60.229969], [24.946546, 60.229921], [24.946329, 60.229896], [24.945931, 60.229854], [24.945171, 60.229779], [24.944646, 60.229728], [24.944085, 60.229688], [24.943597, 60.229664], [24.942839, 60.229643], [24.942081, 60.229639], [24.941341, 60.229653], [24.940963, 60.229674], [24.940602, 60.229694], [24.940152, 60.229734], [24.939739, 60.229781], [24.939505, 60.229819], [24.939272, 60.229856], [24.938841, 60.22994], [24.938607, 60.229978], [24.93841, 60.230033], [24.937999, 60.230153], [24.937229, 60.230374], [24.935887, 60.230778], [24.935422, 60.230952], [24.935118, 60.231062], [24.93478, 60.231235], [24.934134, 60.231604], [24.933626, 60.231906], [24.93338, 60.232123], [24.933133, 60.23234], [24.932659, 60.232774], [24.93236, 60.233055], [24.932043, 60.233335], [24.931744, 60.233617], [24.931585, 60.233752], [24.931427, 60.233897], [24.931231, 60.233987], [24.93098, 60.234052], [24.930782, 60.234071], [24.930584, 60.234082], [24.929812, 60.234075], [24.92932, 60.234072], [24.928454, 60.234061], [24.92802, 60.234055], [24.927804, 60.234047], [24.927587, 60.234049], [24.927153, 60.234034], [24.926701, 60.234001], [24.926303, 60.23395], [24.925903, 60.233863], [24.925667, 60.233802], [24.92543, 60.233723], [24.925211, 60.233653], [24.92501, 60.233564], [24.924589, 60.233343], [24.924314, 60.233183], [24.92402, 60.233024], [24.92347, 60.232695], [24.922828, 60.232341], [24.922186, 60.231968], [24.921559, 60.231506], [24.921265, 60.231319], [24.920972, 60.231151], [24.920478, 60.23093], [24.919795, 60.230683], [24.919639, 60.230622], [24.919348, 60.230516], [24.918711, 60.230332], [24.918112, 60.230202], [24.917403, 60.230045], [24.915969, 60.229732], [24.915551, 60.229636], [24.915134, 60.229549], [24.914335, 60.229375], [24.912791, 60.229036], [24.91201, 60.228861], [24.911248, 60.228696], [24.910867, 60.228618], [24.910485, 60.228531], [24.909723, 60.228357], [24.909523, 60.228304], [24.909322, 60.228243], [24.90894, 60.228129], [24.908758, 60.228076], [24.908595, 60.228041], [24.90825, 60.227963], [24.906673, 60.22759], [24.906487, 60.227553], [24.906233, 60.227492], [24.905706, 60.22737], [24.905198, 60.227248], [24.904671, 60.227135], [24.903618, 60.226899], [24.902583, 60.226672], [24.902129, 60.226559], [24.901675, 60.226445], [24.90122, 60.226332], [24.900784, 60.2262], [24.9, 60.225909], [24.899197, 60.2256], [24.89885, 60.225432], [24.898555, 60.225219], [24.898061, 60.224865], [24.897874, 60.224721], [24.897763, 60.224623], [24.897524, 60.224445], [24.897302, 60.22424], [24.897152, 60.224044], [24.896943, 60.223686], [24.896735, 60.223328], [24.896677, 60.223176], [24.896619, 60.223024], [24.896381, 60.222227], [24.896262, 60.221824], [24.896143, 60.22143], [24.896103, 60.221295], [24.896027, 60.221161], [24.895916, 60.221036], [24.895804, 60.220911], [24.895582, 60.220706], [24.895342, 60.22051], [24.895102, 60.220324], [24.894533, 60.219959], [24.893432, 60.219267], [24.892863, 60.218903], [24.89266, 60.21876], [24.892568, 60.218689], [24.892426, 60.218614], [24.892366, 60.218556], [24.892274, 60.218494], [24.892108, 60.218369], [24.891925, 60.218254], [24.891759, 60.21812], [24.891409, 60.217871], [24.891042, 60.217622], [24.89071, 60.217382], [24.890324, 60.217116], [24.889993, 60.216876], [24.889496, 60.216511], [24.888926, 60.21612], [24.888209, 60.215613], [24.887952, 60.215444], [24.887603, 60.215204], [24.887199, 60.214956], [24.886796, 60.214725], [24.886551, 60.21461], [24.886174, 60.214406], [24.886064, 60.214344], [24.885936, 60.214291], [24.885681, 60.214194], [24.885408, 60.214097], [24.885118, 60.214026], [24.884809, 60.213965], [24.884483, 60.213914], [24.884176, 60.21388], [24.883905, 60.213864], [24.883598, 60.213866], [24.883093, 60.213851], [24.882172, 60.213839], [24.881668, 60.213852], [24.881146, 60.213891], [24.880606, 60.213949], [24.880085, 60.214033], [24.879762, 60.214089], [24.879457, 60.214163], [24.878867, 60.214337], [24.877936, 60.214613], [24.877022, 60.214879], [24.876128, 60.215154], [24.874719, 60.215591], [24.874715, 60.215603], [24.874196, 60.215768], [24.873016, 60.216153], [24.872086, 60.216482], [24.871175, 60.21682], [24.870228, 60.217141], [24.868953, 60.217604], [24.867602, 60.218127], [24.865851, 60.218758], [24.862529, 60.219971], [24.86149, 60.220366], [24.861044, 60.220522], [24.860542, 60.22066], [24.860237, 60.220734], [24.859932, 60.220798], [24.859645, 60.220854], [24.859052, 60.220939], [24.858512, 60.220996], [24.857954, 60.221027], [24.857431, 60.221039], [24.856926, 60.221042], [24.856384, 60.221019], [24.855878, 60.220977], [24.854973, 60.220866], [24.853453, 60.220697], [24.852929, 60.220664], [24.852098, 60.220625], [24.85143, 60.220602], [24.851086, 60.220568], [24.85076, 60.220535], [24.85047, 60.220483], [24.85018, 60.220431], [24.849908, 60.220361], [24.849617, 60.220282], [24.849344, 60.220185], [24.849089, 60.220079], [24.848851, 60.219972], [24.848614, 60.219857], [24.84832, 60.219662], [24.848191, 60.219564], [24.84808, 60.219457], [24.847803, 60.219207], [24.847692, 60.219091], [24.847618, 60.219029], [24.847598, 60.219012], [24.847433, 60.218851], [24.847304, 60.218726], [24.847212, 60.218655], [24.84712, 60.218601], [24.846919, 60.218486], [24.846608, 60.218353], [24.846299, 60.218257], [24.845882, 60.218178], [24.845466, 60.218109], [24.844288, 60.217918], [24.844016, 60.217875], [24.843745, 60.217841], [24.843618, 60.217833], [24.843492, 60.217825], [24.843347, 60.217817], [24.842806, 60.21782], [24.840569, 60.217852], [24.839181, 60.217879], [24.837323, 60.217909], [24.836386, 60.217915], [24.836043, 60.217917], [24.83579, 60.217901], [24.835537, 60.217875], [24.835283, 60.217823], [24.834974, 60.217744], [24.834555, 60.217576], [24.834209, 60.217444], [24.83388, 60.217302], [24.833316, 60.217081], [24.833206, 60.217046], [24.833098, 60.217029], [24.832309, 60.216967], [24.832158, 60.216954], [24.831941, 60.216938], [24.83158, 60.21694], [24.829489, 60.216998], [24.828912, 60.217019], [24.828426, 60.217049], [24.827958, 60.217097], [24.826988, 60.217247], [24.826664, 60.217285], [24.826196, 60.217306], [24.825655, 60.217318], [24.824501, 60.217334], [24.822737, 60.217359], [24.821363, 60.217381], [24.820388, 60.217396], [24.820046, 60.217425], [24.819687, 60.217481], [24.819418, 60.217545], [24.819167, 60.217628], [24.818971, 60.217719], [24.818811, 60.217809], [24.818616, 60.217954], [24.818439, 60.218099], [24.818281, 60.218234], [24.81814, 60.218379], [24.817981, 60.218515], [24.817822, 60.21865], [24.817733, 60.218696], [24.817626, 60.218741], [24.817519, 60.218787], [24.817393, 60.218823], [24.81716, 60.218861], [24.816944, 60.218889], [24.816331, 60.218929], [24.815827, 60.218959], [24.815449, 60.218988], [24.814405, 60.219066], [24.814296, 60.219067], [24.81417, 60.21905], [24.813988, 60.218997], [24.813896, 60.218944], [24.813822, 60.218863], [24.813799, 60.218648], [24.813771, 60.218244], [24.813803, 60.218092], [24.813798, 60.217903], [24.81378, 60.217786], [24.813793, 60.21767], [24.813771, 60.217517], [24.813734, 60.217473], [24.81366, 60.217401], [24.81355, 60.217348], [24.813223, 60.217251], [24.812969, 60.217208], [24.812299, 60.217105], [24.8121, 60.21707], [24.811955, 60.217035], [24.811827, 60.216991], [24.811736, 60.216938], [24.811644, 60.216875], [24.811552, 60.216786], [24.811515, 60.21675], [24.811457, 60.216589], [24.811416, 60.21641], [24.811354, 60.216068], [24.81121, 60.215378], [24.81119, 60.215297], [24.811188, 60.215208], [24.811202, 60.215037], [24.811216, 60.214893], [24.811196, 60.214795], [24.811157, 60.214696], [24.811046, 60.214571], [24.810935, 60.214446], [24.810741, 60.214265], [24.810454, 60.213982], [24.810232, 60.21375], [24.810121, 60.213626], [24.810063, 60.213491], [24.810061, 60.213401], [24.810059, 60.213339], [24.810094, 60.213267], [24.810128, 60.213195], [24.810163, 60.213141], [24.810323, 60.213023], [24.810626, 60.212868], [24.810929, 60.212723], [24.811624, 60.212378], [24.81198, 60.212205], [24.812158, 60.212114], [24.812247, 60.212069], [24.812318, 60.212023], [24.812443, 60.211942], [24.812531, 60.211852], [24.812618, 60.211752], [24.812688, 60.211653], [24.81274, 60.211554], [24.812755, 60.211446], [24.81277, 60.211329], [24.812769, 60.211267], [24.812749, 60.211213], [24.81273, 60.211159], [24.81271, 60.211105], [24.812691, 60.211043], [24.812653, 60.210989], [24.812579, 60.210882], [24.812486, 60.210784], [24.812207, 60.210444], [24.811951, 60.210144], [24.81165, 60.209802], [24.811373, 60.209534], [24.810913, 60.209178], [24.810564, 60.208911], [24.81038, 60.208777], [24.809534, 60.208118], [24.809203, 60.207851], [24.809056, 60.207726], [24.808908, 60.207592], [24.808797, 60.207459], [24.808685, 60.207316], [24.80859, 60.207119], [24.808514, 60.206958], [24.808494, 60.206886], [24.808456, 60.206796], [24.808453, 60.206707], [24.808414, 60.206572], [24.808429, 60.206438], [24.808451, 60.205881], [24.808461, 60.20554], [24.808459, 60.205318], [24.808503, 60.205073], [24.808556, 60.20501], [24.808608, 60.204947], [24.808768, 60.204856], [24.808929, 60.204792], [24.809127, 60.204755], [24.809343, 60.204736], [24.809541, 60.204734], [24.809901, 60.204723], [24.810261, 60.204703], [24.810513, 60.204684], [24.810765, 60.204655], [24.810963, 60.204618], [24.81116, 60.204581], [24.811339, 60.204544], [24.811502, 60.204507], [24.811789, 60.204469], [24.811987, 60.20445], [24.812185, 60.204431], [24.812401, 60.20443], [24.812636, 60.204428], [24.812852, 60.204427], [24.813086, 60.204416], [24.813284, 60.204388], [24.813428, 60.204369], [24.813571, 60.204333], [24.813714, 60.204296], [24.813822, 60.20425], [24.813929, 60.204214], [24.814018, 60.204168], [24.814125, 60.204114], [24.814231, 60.204023], [24.814337, 60.203942], [24.814477, 60.203798], [24.814618, 60.203653], [24.814741, 60.2035], [24.814791, 60.203347], [24.814824, 60.20323], [24.814821, 60.203113], [24.814782, 60.202997], [24.814743, 60.20288], [24.814687, 60.202791], [24.814631, 60.202711], [24.814446, 60.20255], [24.814079, 60.202292], [24.813236, 60.201741], [24.813053, 60.201607], [24.812851, 60.201474], [24.812502, 60.201198], [24.812281, 60.201029], [24.812078, 60.200859], [24.811655, 60.200521], [24.811122, 60.200111], [24.810846, 60.199889], [24.810553, 60.199675], [24.809875, 60.199266], [24.809497, 60.199045], [24.809107, 60.198804], [24.80885, 60.198635], [24.808611, 60.198448], [24.808354, 60.198243], [24.808151, 60.198074], [24.807984, 60.197887], [24.80778, 60.197655], [24.807575, 60.19736], [24.807405, 60.197047], [24.807271, 60.196742], [24.807191, 60.196429], [24.807129, 60.196106], [24.807121, 60.195783], [24.807119, 60.195684], [24.807114, 60.195496], [24.807105, 60.195119], [24.807087, 60.194383], [24.807069, 60.193629], [24.807078, 60.193261], [24.807087, 60.192884], [24.807376, 60.191437], [24.807623, 60.190519], [24.807656, 60.190384], [24.807761, 60.190249], [24.807848, 60.190141], [24.807936, 60.190041], [24.808095, 60.189915], [24.808308, 60.189788], [24.808522, 60.189679], [24.808807, 60.18956], [24.809075, 60.18946], [24.809325, 60.189351], [24.809485, 60.189251], [24.809627, 60.18916], [24.809715, 60.189088], [24.809803, 60.188998], [24.809873, 60.188908], [24.809924, 60.188818], [24.810009, 60.188584], [24.810075, 60.18835], [24.810226, 60.187891], [24.810259, 60.187783], [24.810311, 60.187675], [24.810399, 60.187585], [24.810505, 60.187522], [24.810666, 60.187485], [24.810846, 60.187457], [24.811223, 60.187409], [24.811619, 60.18738], [24.811817, 60.187361], [24.811947, 60.187339], [24.81241, 60.187304], [24.812878, 60.187266], [24.813328, 60.187227], [24.81376, 60.187179], [24.815504, 60.187016], [24.816367, 60.186939], [24.81723, 60.186853], [24.818057, 60.186767], [24.818507, 60.186728], [24.818974, 60.186698], [24.820072, 60.186638], [24.821206, 60.186577], [24.822303, 60.186489], [24.823383, 60.186402], [24.823904, 60.186354], [24.824425, 60.186305], [24.82545, 60.1862], [24.825612, 60.186172], [24.825755, 60.186136], [24.825952, 60.186072], [24.826112, 60.185999], [24.826271, 60.18589], [24.826359, 60.185809], [24.826429, 60.18571], [24.826463, 60.185611], [24.826478, 60.185512], [24.826458, 60.185413], [24.826401, 60.185306], [24.826287, 60.185091], [24.826249, 60.185011], [24.82623, 60.184948], [24.826246, 60.184894], [24.826299, 60.18484], [24.826334, 60.184795], [24.826405, 60.184758], [24.826673, 60.184649], [24.82762, 60.184293], [24.827977, 60.184156], [24.828192, 60.18411], [24.828461, 60.184063], [24.829035, 60.18397], [24.829609, 60.183868], [24.829878, 60.183821], [24.830165, 60.183756], [24.830469, 60.183656], [24.830612, 60.183592], [24.830736, 60.183528], [24.831252, 60.183274], [24.831483, 60.183156], [24.831697, 60.183038], [24.832159, 60.182801], [24.832622, 60.182574], [24.832853, 60.182456], [24.833048, 60.182329], [24.833155, 60.182266], [24.833243, 60.182193], [24.83342, 60.182057], [24.8337, 60.181733], [24.833908, 60.181399], [24.83431, 60.180727], [24.834877, 60.179858], [24.834911, 60.179759], [24.83489, 60.179652], [24.834815, 60.179544], [24.834687, 60.179456], [24.834559, 60.179393], [24.834414, 60.17935], [24.834124, 60.179262], [24.833542, 60.179086], [24.832979, 60.178892], [24.832415, 60.178689], [24.831486, 60.1783], [24.830575, 60.177893], [24.830446, 60.177786], [24.830371, 60.177652], [24.830385, 60.177508], [24.830454, 60.177391], [24.830732, 60.177035]]}}, {"type": "Feature", "properties": {"shape_id": "2015_20250113_1", "route_short_name": "15", "route_long_name": "Itäkeskus (M)-Keilaniemi (M)", "route_type": "900", "color": "#d62728", "point_count": 789}, "geometry": {"type": "LineString", "coordinates": [[25.074354, 60.209584], [25.074218, 60.209562], [25.073056, 60.20932], [25.072566, 60.209234], [25.072077, 60.209166], [25.071552, 60.209107], [25.071027, 60.209058], [25.070304, 60.209001], [25.069598, 60.208934], [25.06817, 60.208838], [25.066725, 60.208751], [25.065279, 60.208654], [25.064646, 60.208615], [25.064105, 60.20861], [25.063853, 60.208621], [25.063601, 60.208641], [25.063116, 60.20869], [25.062792, 60.208737], [25.06247, 60.208803], [25.061486, 60.209044], [25.060984, 60.209156], [25.060464, 60.209232], [25.05944, 60.209357], [25.058787, 60.209424], [25.058542, 60.209463], [25.058344, 60.209491], [25.058219, 60.209528], [25.058058, 60.209583], [25.057988, 60.209638], [25.057954, 60.209692], [25.057919, 60.209746], [25.057903, 60.209809], [25.057923, 60.209871], [25.057961, 60.209925], [25.058277, 60.210219], [25.058463, 60.210379], [25.058612, 60.210539], [25.058781, 60.210735], [25.058932, 60.210931], [25.059215, 60.211333], [25.059463, 60.21178], [25.059602, 60.212165], [25.059664, 60.212407], [25.05969, 60.212658], [25.059698, 60.2129], [25.059652, 60.213161], [25.059605, 60.213376], [25.059522, 60.213601], [25.059302, 60.214061], [25.058939, 60.214531], [25.058607, 60.214871], [25.058276, 60.215236], [25.057995, 60.215463], [25.057323, 60.215899], [25.056685, 60.216227], [25.056293, 60.216401], [25.055866, 60.216566], [25.055063, 60.21685], [25.054653, 60.216997], [25.054225, 60.217144], [25.053778, 60.217292], [25.053296, 60.217421], [25.052544, 60.217616], [25.051773, 60.217783], [25.05102, 60.217933], [25.05023, 60.218056], [25.049368, 60.218179], [25.048777, 60.218254], [25.046279, 60.218626], [25.044896, 60.218816], [25.044484, 60.218891], [25.044125, 60.218957], [25.04391, 60.218994], [25.043713, 60.219041], [25.0433, 60.219125], [25.042906, 60.219209], [25.042099, 60.219368], [25.040863, 60.219629], [25.039608, 60.21989], [25.037062, 60.220422], [25.034499, 60.220962], [25.031936, 60.221503], [25.030556, 60.221783], [25.029212, 60.222063], [25.021686, 60.223623], [25.021233, 60.223722], [25.020606, 60.223862], [25.019441, 60.224095], [25.018293, 60.224337], [25.017702, 60.224458], [25.017451, 60.224532], [25.01722, 60.224633], [25.01715, 60.224705], [25.016958, 60.224922], [25.016784, 60.225139], [25.01668, 60.225256], [25.016558, 60.225401], [25.016071, 60.225997], [25.015967, 60.226123], [25.01588, 60.226223], [25.015774, 60.226304], [25.01558, 60.22644], [25.015349, 60.226568], [25.015135, 60.22665], [25.014903, 60.226724], [25.01467, 60.226788], [25.014365, 60.226845], [25.013934, 60.226902], [25.013287, 60.226996], [25.012604, 60.227091], [25.011757, 60.227211], [25.011599, 60.227243], [25.011436, 60.227262], [25.011112, 60.227299], [25.01095, 60.22731], [25.010769, 60.227275], [25.010586, 60.227196], [25.010366, 60.22709], [25.010181, 60.226956], [25.009256, 60.226192], [25.009128, 60.226112], [25.008964, 60.226059], [25.008782, 60.226025], [25.008583, 60.226008], [25.008366, 60.226019], [25.008079, 60.226075], [25.007633, 60.22624], [25.006242, 60.226771], [25.00526, 60.227129], [25.004653, 60.227331], [25.004063, 60.227515], [25.002901, 60.227873], [25.001847, 60.228214], [25.001418, 60.228369], [25.00101, 60.228579], [25.000637, 60.228797], [24.999893, 60.229234], [24.998953, 60.22977], [24.998669, 60.229925], [24.998601, 60.229948], [24.998136, 60.230198], [24.997922, 60.230308], [24.99744, 60.230491], [24.996903, 60.230656], [24.996617, 60.23073], [24.996348, 60.230795], [24.995864, 60.230907], [24.9952, 60.231019], [24.994822, 60.231067], [24.994319, 60.231134], [24.993581, 60.231184], [24.99286, 60.231225], [24.992156, 60.231222], [24.991506, 60.231209], [24.989917, 60.231176], [24.988328, 60.231143], [24.985998, 60.231097], [24.983686, 60.231034], [24.982566, 60.231006], [24.981484, 60.231014], [24.980852, 60.231028], [24.980348, 60.231049], [24.979047, 60.231118], [24.978816, 60.231133], [24.978491, 60.231153], [24.977662, 60.231204], [24.976058, 60.231279], [24.975662, 60.23129], [24.975246, 60.231285], [24.974812, 60.231261], [24.97436, 60.231219], [24.97398, 60.231177], [24.973581, 60.231117], [24.973254, 60.231048], [24.972945, 60.230969], [24.972745, 60.230908], [24.972471, 60.23082], [24.972289, 60.230759], [24.971996, 60.230635], [24.971098, 60.230174], [24.970201, 60.229714], [24.969559, 60.229378], [24.968918, 60.22905], [24.968329, 60.228757], [24.967892, 60.228528], [24.9678, 60.228475], [24.967708, 60.228413], [24.967651, 60.228341], [24.967632, 60.228279], [24.967629, 60.22818], [24.967662, 60.228081], [24.967728, 60.227883], [24.967742, 60.227748], [24.967704, 60.227677], [24.96763, 60.227615], [24.967483, 60.227526], [24.967301, 60.227482], [24.967121, 60.227475], [24.966814, 60.227495], [24.966654, 60.227568], [24.966512, 60.227641], [24.965374, 60.228214], [24.964272, 60.228797], [24.963454, 60.229216], [24.963348, 60.229279], [24.962772, 60.229648], [24.960872, 60.230985], [24.960002, 60.231494], [24.959132, 60.231994], [24.958953, 60.232067], [24.958739, 60.23214], [24.958487, 60.232187], [24.958236, 60.232216], [24.957929, 60.232227], [24.95773, 60.232219], [24.957513, 60.232194], [24.956482, 60.231963], [24.955842, 60.23182], [24.955116, 60.231682], [24.954407, 60.231516], [24.951518, 60.230855], [24.950211, 60.230586], [24.948904, 60.230308], [24.948341, 60.230196], [24.947833, 60.23011], [24.947271, 60.230024], [24.946878, 60.229969], [24.946546, 60.229921], [24.946329, 60.229896], [24.945931, 60.229854], [24.945171, 60.229779], [24.944646, 60.229728], [24.944085, 60.229688], [24.943597, 60.229664], [24.942839, 60.229643], [24.942081, 60.229639], [24.941341, 60.229653], [24.940963, 60.229674], [24.940602, 60.229694], [24.940152, 60.229734], [24.939739, 60.229781], [24.939505, 60.229819], [24.939272, 60.229856], [24.938841, 60.22994], [24.938607, 60.229978], [24.93841, 60.230033], [24.937999, 60.230153], [24.937229, 60.230374], [24.935887, 60.230778], [24.935422, 60.230952], [24.935118, 60.231062], [24.93478, 60.231235], [24.934134, 60.231604], [24.933626, 60.231906], [24.93338, 60.232123], [24.933133, 60.23234], [24.932659, 60.232774], [24.93236, 60.233055], [24.932043, 60.233335], [24.931744, 60.233617], [24.931585, 60.233752], [24.931427, 60.233897], [24.931231, 60.233987], [24.93098, 60.234052], [24.930782, 60.234071], [24.930584, 60.234082], [24.929812, 60.234075], [24.92932, 60.234072], [24.928454, 60.234061], [24.92802, 60.234055], [24.927804, 60.234047], [24.927587, 60.234049], [24.927153, 60.234034], [24.926701, 60.234001], [24.926303, 60.23395], [24.925903, 60.233863], [24.925667, 60.233802], [24.92543, 60.233723], [24.925211, 60.233653], [24.92501, 60.233564], [24.924589, 60.233343], [24.924314, 60.233183], [24.92402, 60.233024], [24.92347, 60.232695], [24.922828, 60.232341], [24.922186, 60.231968], [24.921559, 60.231506], [24.921265, 60.231319], [24.920972, 60.231151], [24.920478, 60.23093], [24.919795, 60.230683], [24.919639, 60.230622], [24.919348, 60.230516], [24.918711, 60.230332], [24.918112, 60.230202], [24.917403, 60.230045], [24.915969, 60.229732], [24.915551, 60.229636], [24.915134, 60.229549], [24.914335, 60.229375], [24.912791, 60.229036], [24.91201, 60.228861], [24.911248, 60.228696], [24.910867, 60.228618], [24.910485, 60.228531], [24.909723, 60.228357], [24.909523, 60.228304], [24.909322, 60.228243], [24.90894, 60.228129], [24.908758, 60.228076], [24.908595, 60.228041], [24.90825, 60.227963], [24.906673, 60.22759], [24.906487, 60.227553], [24.906233, 60.227492], [24.905706, 60.22737], [24.905198, 60.227248], [24.904671, 60.227135], [24.903618, 60.226899], [24.902583, 60.226672], [24.902129, 60.226559], [24.901675, 60.226445], [24.90122, 60.226332], [24.900784, 60.2262], [24.9, 60.225909], [24.899197, 60.2256], [24.89885, 60.225432], [24.898555, 60.225219], [24.898061, 60.224865], [24.897874, 60.224721], [24.897763, 60.224623], [24.897524, 60.224445], [24.897302, 60.22424], [24.897152, 60.224044], [24.896943, 60.223686], [24.896735, 60.223328], [24.896677, 60.223176], [24.896619, 60.223024], [24.896381, 60.222227], [24.896262, 60.221824], [24.896143, 60.22143], [24.896103, 60.221295], [24.896027, 60.221161], [24.895916, 60.221036], [24.895804, 60.220911], [24.895582, 60.220706], [24.895342, 60.22051], [24.895102, 60.220324], [24.894533, 60.219959], [24.893432, 60.219267], [24.892863, 60.218903], [24.89266, 60.21876], [24.892568, 60.218689], [24.892426, 60.218614], [24.892366, 60.218556], [24.892274, 60.218494], [24.892108, 60.218369], [24.891925, 60.218254], [24.891759, 60.21812], [24.891409, 60.217871], [24.891042, 60.217622], [24.89071, 60.217382], [24.890324, 60.217116], [24.889993, 60.216876], [24.889496, 60.216511], [24.888926, 60.21612], [24.888209, 60.215613], [24.887952, 60.215444], [24.887603, 60.215204], [24.887199, 60.214956], [24.886796, 60.214725], [24.886551, 60.21461], [24.886174, 60.214406], [24.886064, 60.214344], [24.885936, 60.214291], [24.885681, 60.214194], [24.885408, 60.214097], [24.885118, 60.214026], [24.884809, 60.213965], [24.884483, 60.213914], [24.884176, 60.21388], [24.883905, 60.213864], [24.883598, 60.213866], [24.883093, 60.213851], [24.882172, 60.213839], [24.881668, 60.213852], [24.881146, 60.213891], [24.880606, 60.213949], [24.880085, 60.214033], [24.879762, 60.214089], [24.879457, 60.214163], [24.878867, 60.214337], [24.877936, 60.214613], [24.877022, 60.214879], [24.876128, 60.215154], [24.874719, 60.215591], [24.874715, 60.215603], [24.874196, 60.215768], [24.873016, 60.216153], [24.872086, 60.216482], [24.871175, 60.21682], [24.870228, 60.217141], [24.868953, 60.217604], [24.867602, 60.218127], [24.865851, 60.218758], [24.862529, 60.219971], [24.86149, 60.220366], [24.861044, 60.220522], [24.860542, 60.22066], [24.860237, 60.220734], [24.859932, 60.220798], [24.859645, 60.220854], [24.859052, 60.220939], [24.858512, 60.220996], [24.857954, 60.221027], [24.857431, 60.221039], [24.856926, 60.221042], [24.856384, 60.221019], [24.855878, 60.220977], [24.854973, 60.220866], [24.853453, 60.220697], [24.852929, 60.220664], [24.852098, 60.220625], [24.85143, 60.220602], [24.851086, 60.220568], [24.85076, 60.220535], [24.85047, 60.220483], [24.85018, 60.220431], [24.849908, 60.220361], [24.849617, 60.220282], [24.849344, 60.220185], [24.849089, 60.220079], [24.848851, 60.219972], [24.848614, 60.219857], [24.84832, 60.219662], [24.848191, 60.219564], [24.84808, 60.219457], [24.847803, 60.219207], [24.847692, 60.219091], [24.847618, 60.219029], [24.847598, 60.219012], [24.847433, 60.218851], [24.847304, 60.218726], [24.847212, 60.218655], [24.84712, 60.218601], [24.846919, 60.218486], [24.846608, 60.218353], [24.846299, 60.218257], [24.845882, 60.218178], [24.845466, 60.218109], [24.844288, 60.217918], [24.844016, 60.217875], [24.843745, 60.217841], [24.843618, 60.217833], [24.843492, 60.217825], [24.843347, 60.217817], [24.842806, 60.21782], [24.840569, 60.217852], [24.839181, 60.217879], [24.837323, 60.217909], [24.836386, 60.217915], [24.836043, 60.217917], [24.83579, 60.217901], [24.835537, 60.217875], [24.835283, 60.217823], [24.834974, 60.217744], [24.834555, 60.217576], [24.834209, 60.217444], [24.83388, 60.217302], [24.833316, 60.217081], [24.833206, 60.217046], [24.833098, 60.217029], [24.832309, 60.216967], [24.832158, 60.216954], [24.831941, 60.216938], [24.83158, 60.21694], [24.829489, 60.216998], [24.828912, 60.217019], [24.828426, 60.217049], [24.827958, 60.217097], [24.826988, 60.217247], [24.826664, 60.217285], [24.826196, 60.217306], [24.825655, 60.217318], [24.824501, 60.217334], [24.822737, 60.217359], [24.821363, 60.217381], [24.820388, 60.217396], [24.820046, 60.217425], [24.819687, 60.217481], [24.819418, 60.217545], [24.819167, 60.217628], [24.818971, 60.217719], [24.818811, 60.217809], [24.818616, 60.217954], [24.818439, 60.218099], [24.818281, 60.218234], [24.81814, 60.218379], [24.817981, 60.218515], [24.817822, 60.21865], [24.817733, 60.218696], [24.817626, 60.218741], [24.817519, 60.218787], [24.817393, 60.218823], [24.81716, 60.218861], [24.816944, 60.218889], [24.816331, 60.218929], [24.815827, 60.218959], [24.815449, 60.218988], [24.814405, 60.219066], [24.814296, 60.219067], [24.81417, 60.21905], [24.813988, 60.218997], [24.813896, 60.218944], [24.813822, 60.218863], [24.813799, 60.218648], [24.813771, 60.218244], [24.813803, 60.218092], [24.813798, 60.217903], [24.81378, 60.217786], [24.813793, 60.21767], [24.813771, 60.217517], [24.813734, 60.217473], [24.81366, 60.217401], [24.81355, 60.217348], [24.813223, 60.217251], [24.812969, 60.217208], [24.812299, 60.217105], [24.8121, 60.21707], [24.811955, 60.217035], [24.811827, 60.216991], [24.811736, 60.216938], [24.811644, 60.216875], [24.811552, 60.216786], [24.811515, 60.21675], [24.811457, 60.216589], [24.811416, 60.21641], [24.811354, 60.216068], [24.81121, 60.215378], [24.81119, 60.215297], [24.811188, 60.215208], [24.811202, 60.215037], [24.811216, 60.214893], [24.811196, 60.214795], [24.811157, 60.214696], [24.811046, 60.214571], [24.810935, 60.214446], [24.810741, 60.214265], [24.810454, 60.213982], [24.810232, 60.21375], [24.810121, 60.213626], [24.810063, 60.213491], [24.810061, 60.213401], [24.810059, 60.213339], [24.810094, 60.213267], [24.810128, 60.213195], [24.810163, 60.213141], [24.810323, 60.213023], [24.810626, 60.212868], [24.810929, 60.212723], [24.811624, 60.212378], [24.81198, 60.212205], [24.812158, 60.212114], [24.812247, 60.212069], [24.812318, 60.212023], [24.812443, 60.211942], [24.812531, 60.211852], [24.812618, 60.211752], [24.812688, 60.211653], [24.81274, 60.211554], [24.812755, 60.211446], [24.81277, 60.211329], [24.812769, 60.211267], [24.812749, 60.211213], [24.81273, 60.211159], [24.81271, 60.211105], [24.812691, 60.211043], [24.812653, 60.210989], [24.812579, 60.210882], [24.812486, 60.210784], [24.812207, 60.210444], [24.811951, 60.210144], [24.81165, 60.209802], [24.811373, 60.209534], [24.810913, 60.209178], [24.810564, 60.208911], [24.81038, 60.208777], [24.809534, 60.208118], [24.809203, 60.207851], [24.809056, 60.207726], [24.808908, 60.207592], [24.808797, 60.207459], [24.808685, 60.207316], [24.80859, 60.207119], [24.808514, 60.206958], [24.808494, 60.206886], [24.808456, 60.206796], [24.808453, 60.206707], [24.808414, 60.206572], [24.808429, 60.206438], [24.808451, 60.205881], [24.808461, 60.20554], [24.808459, 60.205318], [24.808503, 60.205073], [24.808556, 60.20501], [24.808608, 60.204947], [24.808768, 60.204856], [24.808929, 60.204792], [24.809127, 60.204755], [24.809343, 60.204736], [24.809541, 60.204734], [24.809901, 60.204723], [24.810261, 60.204703], [24.810513, 60.204684], [24.810765, 60.204655], [24.810963, 60.204618], [24.81116, 60.204581], [24.811339, 60.204544], [24.811502, 60.204507], [24.811789, 60.204469], [24.811987, 60.20445], [24.812185, 60.204431], [24.812401, 60.20443], [24.812636, 60.204428], [24.812852, 60.204427], [24.813086, 60.204416], [24.813284, 60.204388], [24.813428, 60.204369], [24.813571, 60.204333], [24.813714, 60.204296], [24.813822, 60.20425], [24.813929, 60.204214], [24.814018, 60.204168], [24.814125, 60.204114], [24.814231, 60.204023], [24.814337, 60.203942], [24.814477, 60.203798], [24.814618, 60.203653], [24.814741, 60.2035], [24.814791, 60.203347], [24.814824, 60.20323], [24.814821, 60.203113], [24.814782, 60.202997], [24.814743, 60.20288], [24.814687, 60.202791], [24.814631, 60.202711], [24.814446, 60.20255], [24.814079, 60.202292], [24.813236, 60.201741], [24.813053, 60.201607], [24.812851, 60.201474], [24.812502, 60.201198], [24.812281, 60.201029], [24.812078, 60.200859], [24.811655, 60.200521], [24.811122, 60.200111], [24.810846, 60.199889], [24.810553, 60.199675], [24.809875, 60.199266], [24.809497, 60.199045], [24.809107, 60.198804], [24.80885, 60.198635], [24.808611, 60.198448], [24.808354, 60.198243], [24.808151, 60.198074], [24.807984, 60.197887], [24.80778, 60.197655], [24.807575, 60.19736], [24.807405, 60.197047], [24.807271, 60.196742], [24.807191, 60.196429], [24.807129, 60.196106], [24.807121, 60.195783], [24.807119, 60.195684], [24.807114, 60.195496], [24.807105, 60.195119], [24.807087, 60.194383], [24.807069, 60.193629], [24.807078, 60.193261], [24.807087, 60.192884], [24.807376, 60.191437], [24.807623, 60.190519], [24.807656, 60.190384], [24.807761, 60.190249], [24.807848, 60.190141], [24.807936, 60.190041], [24.808095, 60.189915], [24.808308, 60.189788], [24.808522, 60.189679], [24.808807, 60.18956], [24.809075, 60.18946], [24.809325, 60.189351], [24.809485, 60.189251], [24.809627, 60.18916], [24.809715, 60.189088], [24.809803, 60.188998], [24.809873, 60.188908], [24.809924, 60.188818], [24.810009, 60.188584], [24.810075, 60.18835], [24.810226, 60.187891], [24.810259, 60.187783], [24.810311, 60.187675], [24.810399, 60.187585], [24.810505, 60.187522], [24.810666, 60.187485], [24.810846, 60.187457], [24.811223, 60.187409], [24.811619, 60.18738], [24.811817, 60.187361], [24.811947, 60.187339], [24.81241, 60.187304], [24.812878, 60.187266], [24.813328, 60.187227], [24.81376, 60.187179], [24.815504, 60.187016], [24.816367, 60.186939], [24.81723, 60.186853], [24.818057, 60.186767], [24.818507, 60.186728], [24.818974, 60.186698], [24.820072, 60.186638], [24.821206, 60.186577], [24.822303, 60.186489], [24.823383, 60.186402], [24.823904, 60.186354], [24.824425, 60.186305], [24.82545, 60.1862], [24.825612, 60.186172], [24.825755, 60.186136], [24.825952, 60.186072], [24.826112, 60.185999], [24.826271, 60.18589], [24.826359, 60.185809], [24.826429, 60.18571], [24.826463, 60.185611], [24.826478, 60.185512], [24.826458, 60.185413], [24.826401, 60.185306], [24.826287, 60.185091], [24.826249, 60.185011], [24.82623, 60.184948], [24.826246, 60.184894], [24.826299, 60.18484], [24.826334, 60.184795], [24.826405, 60.184758], [24.826673, 60.184649], [24.82762, 60.184293], [24.827977, 60.184156], [24.828192, 60.18411], [24.828461, 60.184063], [24.829035, 60.18397], [24.829609, 60.183868], [24.829878, 60.183821], [24.830165, 60.183756], [24.830469, 60.183656], [24.830612, 60.183592], [24.830736, 60.183528], [24.831252, 60.183274], [24.831483, 60.183156], [24.831697, 60.183038], [24.832159, 60.182801], [24.832622, 60.182574], [24.832853, 60.182456], [24.833048, 60.182329], [24.833155, 60.182266], [24.833243, 60.182193], [24.83342, 60.182057], [24.8337, 60.181733], [24.833908, 60.181399], [24.83431, 60.180727], [24.834877, 60.179858], [24.834911, 60.179759], [24.83489, 60.179652], [24.834815, 60.179544], [24.834687, 60.179456], [24.834559, 60.179393], [24.834414, 60.17935], [24.834124, 60.179262], [24.833542, 60.179086], [24.832979, 60.178892], [24.832415, 60.178689], [24.831486, 60.1783], [24.830575, 60.177893], [24.830446, 60.177786], [24.830371, 60.177652], [24.830385, 60.177508], [24.830454, 60.177391], [24.830732, 60.177035]]}}, {"type": "Feature", "properties": {"shape_id": "2015_20250113_2", "route_short_name": "15", "route_long_name": "Itäkeskus (M)-Keilaniemi (M)", "route_type": "900", "color": "#d62728", "point_count": 833}, "geometry": {"type": "LineString", "coordinates": [[24.830713, 60.177235], [24.830686, 60.1773], [24.830564, 60.177435], [24.830477, 60.17757], [24.830499, 60.177732], [24.830592, 60.177839], [24.830683, 60.177901], [24.830775, 60.177945], [24.831103, 60.178087], [24.831759, 60.178379], [24.832432, 60.178653], [24.833142, 60.178918], [24.833905, 60.179155], [24.834304, 60.179287], [24.834704, 60.179419], [24.834795, 60.179464], [24.834869, 60.179508], [24.834942, 60.17958], [24.83498, 60.179651], [24.834982, 60.179714], [24.834984, 60.179786], [24.834672, 60.180272], [24.834516, 60.180525], [24.834447, 60.180642], [24.83424, 60.180931], [24.834152, 60.181092], [24.833944, 60.181417], [24.833736, 60.18175], [24.833666, 60.181831], [24.833614, 60.181904], [24.833456, 60.182066], [24.83328, 60.18222], [24.833085, 60.182365], [24.832872, 60.182483], [24.832677, 60.182601], [24.832214, 60.182828], [24.831769, 60.183055], [24.831306, 60.183282], [24.830915, 60.183491], [24.830702, 60.183591], [24.83047, 60.183692], [24.830184, 60.183783], [24.829969, 60.183838], [24.8297, 60.183885], [24.829197, 60.183969], [24.828677, 60.184062], [24.82839, 60.1841], [24.828139, 60.184146], [24.828013, 60.184183], [24.827334, 60.184438], [24.826566, 60.184721], [24.826442, 60.184794], [24.826353, 60.184857], [24.826319, 60.184911], [24.826303, 60.184983], [24.826322, 60.185055], [24.826342, 60.185109], [24.82653, 60.18544], [24.82655, 60.18552], [24.826535, 60.185637], [24.826397, 60.185862], [24.826309, 60.185944], [24.826167, 60.186025], [24.826006, 60.186098], [24.825792, 60.186162], [24.825613, 60.186208], [24.825415, 60.186227], [24.825199, 60.186256], [24.824354, 60.186333], [24.823923, 60.18638], [24.823491, 60.186419], [24.822376, 60.186507], [24.821818, 60.186555], [24.821549, 60.186584], [24.821261, 60.186594], [24.820703, 60.186634], [24.820127, 60.186664], [24.818993, 60.186725], [24.818489, 60.186755], [24.817968, 60.186803], [24.816943, 60.186899], [24.814893, 60.187101], [24.813851, 60.187206], [24.813347, 60.187254], [24.812573, 60.187312], [24.8118, 60.187388], [24.811566, 60.187407], [24.811466, 60.187415], [24.811116, 60.187455], [24.810811, 60.187484], [24.810721, 60.187502], [24.810632, 60.18753], [24.810507, 60.187575], [24.8104, 60.187657], [24.810331, 60.187756], [24.810096, 60.188484], [24.810029, 60.188673], [24.809962, 60.188862], [24.80991, 60.188961], [24.809822, 60.18906], [24.809699, 60.18916], [24.809575, 60.189259], [24.809379, 60.189368], [24.809273, 60.189423], [24.809165, 60.189459], [24.808701, 60.189642], [24.808487, 60.189742], [24.808292, 60.189842], [24.80799, 60.190059], [24.80785, 60.190203], [24.807798, 60.190285], [24.807745, 60.190357], [24.807661, 60.190573], [24.807546, 60.191031], [24.807431, 60.1915], [24.807366, 60.191778], [24.807301, 60.192066], [24.807236, 60.192353], [24.807189, 60.192641], [24.80716, 60.192928], [24.807131, 60.193216], [24.80712, 60.193503], [24.807173, 60.194957], [24.807187, 60.195522], [24.807194, 60.1958], [24.807201, 60.196096], [24.807244, 60.196392], [24.807324, 60.196715], [24.80744, 60.197019], [24.807628, 60.197332], [24.807852, 60.197636], [24.808149, 60.197984], [24.808499, 60.198305], [24.808849, 60.198581], [24.809215, 60.198822], [24.809823, 60.199191], [24.810661, 60.199692], [24.811856, 60.200627], [24.813015, 60.201536], [24.813675, 60.20198], [24.814005, 60.202194], [24.814335, 60.202416], [24.814537, 60.202576], [24.814647, 60.202657], [24.814722, 60.202746], [24.814797, 60.202871], [24.814854, 60.203005], [24.814894, 60.20314], [24.814879, 60.203283], [24.814829, 60.203427], [24.81476, 60.203562], [24.81462, 60.203734], [24.814444, 60.203896], [24.814268, 60.204068], [24.814161, 60.204141], [24.814037, 60.204204], [24.813841, 60.204295], [24.813626, 60.204359], [24.813339, 60.204424], [24.813051, 60.204453], [24.812565, 60.204465], [24.81233, 60.204457], [24.812096, 60.204476], [24.811862, 60.204487], [24.811682, 60.204515], [24.811448, 60.204561], [24.811215, 60.204607], [24.810981, 60.204654], [24.810766, 60.204682], [24.810532, 60.204719], [24.81028, 60.204739], [24.809578, 60.204761], [24.809361, 60.204762], [24.809163, 60.204782], [24.808966, 60.204819], [24.808841, 60.204873], [24.808752, 60.204919], [24.808681, 60.204964], [24.808576, 60.205081], [24.80856, 60.20518], [24.808531, 60.205538], [24.808534, 60.205584], [24.808538, 60.205728], [24.808541, 60.205871], [24.808529, 60.206096], [24.808516, 60.20632], [24.808502, 60.2065], [24.808525, 60.20667], [24.808565, 60.206859], [24.808643, 60.207082], [24.808756, 60.207288], [24.808831, 60.207378], [24.808905, 60.207467], [24.809017, 60.20761], [24.809183, 60.207779], [24.809386, 60.20794], [24.809625, 60.208136], [24.810047, 60.208447], [24.810452, 60.208759], [24.811261, 60.209391], [24.811353, 60.209453], [24.811427, 60.209525], [24.811575, 60.209667], [24.811667, 60.209739], [24.811722, 60.20981], [24.81187, 60.209962], [24.812117, 60.210289], [24.812484, 60.210712], [24.812633, 60.210873], [24.812763, 60.211051], [24.81284, 60.211248], [24.812827, 60.211446], [24.812725, 60.211707], [24.812603, 60.211842], [24.812462, 60.211978], [24.812266, 60.212087], [24.81207, 60.212195], [24.811643, 60.212413], [24.810716, 60.21285], [24.810323, 60.213077], [24.8102, 60.213203], [24.810131, 60.213329], [24.810136, 60.213536], [24.810267, 60.213723], [24.810489, 60.213946], [24.8106, 60.214053], [24.810901, 60.21438], [24.810989, 60.214455], [24.811155, 60.214606], [24.811267, 60.214776], [24.811272, 60.214974], [24.811259, 60.21518], [24.811263, 60.215342], [24.811285, 60.215503], [24.811429, 60.216194], [24.81151, 60.216553], [24.811568, 60.216732], [24.811643, 60.216812], [24.811734, 60.216875], [24.811917, 60.216981], [24.812172, 60.217052], [24.812697, 60.217138], [24.813222, 60.217225], [24.813385, 60.217259], [24.813549, 60.217303], [24.813713, 60.217374], [24.813787, 60.217445], [24.813824, 60.217481], [24.813843, 60.217526], [24.813846, 60.217634], [24.813839, 60.217926], [24.813874, 60.218028], [24.813858, 60.218127], [24.813842, 60.218226], [24.813852, 60.218621], [24.813874, 60.218782], [24.813875, 60.218827], [24.813894, 60.218863], [24.813968, 60.218934], [24.814096, 60.218987], [24.814259, 60.219031], [24.814422, 60.219039], [24.8148, 60.21901], [24.81588, 60.218922], [24.816979, 60.218853], [24.817195, 60.218825], [24.817392, 60.218787], [24.81766, 60.218687], [24.817767, 60.218624], [24.817856, 60.218569], [24.818103, 60.218352], [24.81835, 60.218126], [24.818544, 60.217964], [24.818775, 60.217792], [24.818935, 60.217701], [24.819131, 60.21761], [24.819345, 60.217537], [24.819614, 60.217463], [24.819794, 60.217426], [24.819991, 60.217398], [24.820189, 60.217379], [24.820388, 60.217369], [24.821038, 60.217365], [24.821705, 60.217352], [24.822156, 60.217349], [24.822372, 60.217338], [24.82322, 60.217324], [24.823058, 60.217334], [24.823508, 60.217322], [24.824374, 60.217317], [24.82569, 60.217291], [24.826195, 60.217279], [24.826429, 60.217268], [24.826663, 60.217249], [24.826843, 60.21723], [24.827023, 60.217211], [24.827364, 60.217155], [24.827885, 60.217071], [24.828155, 60.217042], [24.828425, 60.217022], [24.828695, 60.217003], [24.828948, 60.216992], [24.829435, 60.21698], [24.829939, 60.216968], [24.830732, 60.216936], [24.831543, 60.216913], [24.831724, 60.216903], [24.831796, 60.216912], [24.831886, 60.216911], [24.83203, 60.21691], [24.832193, 60.216927], [24.832746, 60.216967], [24.832808, 60.216968], [24.833115, 60.217002], [24.833278, 60.217037], [24.833369, 60.217063], [24.83346, 60.217098], [24.833624, 60.217169], [24.833971, 60.217311], [24.834135, 60.217372], [24.834299, 60.217443], [24.834664, 60.217594], [24.834828, 60.217664], [24.835028, 60.217726], [24.8353, 60.217796], [24.835427, 60.217822], [24.835554, 60.217839], [24.835771, 60.217865], [24.83588, 60.217882], [24.836006, 60.217881], [24.83615, 60.217889], [24.836313, 60.217888], [24.836637, 60.217877], [24.840244, 60.217827], [24.841795, 60.217809], [24.842571, 60.217795], [24.843347, 60.21779], [24.843545, 60.217797], [24.843744, 60.217814], [24.844269, 60.217892], [24.844831, 60.217988], [24.845592, 60.218108], [24.845972, 60.218169], [24.846335, 60.218238], [24.846535, 60.218291], [24.846699, 60.218353], [24.846972, 60.218468], [24.84721, 60.21861], [24.847321, 60.21869], [24.847413, 60.218779], [24.847654, 60.219011], [24.847783, 60.219127], [24.847836, 60.219185], [24.848135, 60.219465], [24.848282, 60.219581], [24.848429, 60.219688], [24.848594, 60.219795], [24.848777, 60.219892], [24.848978, 60.21999], [24.849143, 60.220069], [24.849434, 60.220175], [24.849689, 60.220263], [24.85007, 60.22036], [24.850306, 60.220421], [24.850578, 60.220464], [24.850832, 60.220507], [24.851158, 60.22055], [24.851465, 60.220566], [24.852151, 60.220597], [24.852657, 60.220612], [24.853072, 60.220636], [24.85338, 60.22067], [24.8549, 60.220831], [24.856003, 60.220959], [24.856636, 60.221008], [24.857051, 60.221024], [24.857484, 60.221021], [24.857845, 60.221009], [24.858205, 60.220989], [24.858745, 60.220941], [24.859195, 60.220893], [24.859662, 60.220827], [24.859985, 60.220762], [24.86029, 60.220697], [24.860792, 60.220568], [24.861025, 60.220486], [24.8614, 60.220358], [24.861668, 60.220266], [24.861918, 60.220175], [24.862168, 60.220075], [24.862923, 60.219797], [24.864348, 60.21928], [24.866261, 60.218585], [24.867226, 60.218229], [24.868173, 60.217881], [24.86928, 60.217452], [24.87041, 60.217037], [24.870549, 60.216986], [24.870799, 60.216895], [24.871031, 60.216803], [24.871513, 60.216612], [24.872013, 60.216429], [24.872477, 60.216255], [24.872745, 60.216164], [24.872996, 60.216081], [24.873496, 60.215908], [24.874015, 60.215743], [24.87448, 60.215596], [24.874982, 60.215467], [24.875465, 60.215329], [24.875715, 60.215247], [24.876351, 60.215046], [24.877398, 60.214742], [24.878114, 60.214531], [24.87883, 60.21431], [24.879116, 60.214219], [24.879421, 60.214145], [24.879725, 60.214071], [24.880031, 60.214015], [24.880569, 60.213931], [24.881091, 60.213865], [24.881631, 60.213834], [24.882172, 60.213821], [24.883182, 60.213824], [24.883687, 60.213838], [24.883958, 60.213836], [24.884211, 60.213853], [24.884537, 60.213886], [24.884826, 60.213929], [24.885135, 60.21399], [24.885425, 60.21407], [24.885735, 60.214167], [24.885881, 60.214228], [24.886027, 60.21429], [24.886173, 60.214352], [24.886337, 60.214441], [24.88691, 60.214765], [24.887143, 60.214884], [24.887436, 60.215062], [24.887583, 60.215142], [24.887712, 60.21523], [24.888245, 60.215604], [24.888998, 60.216119], [24.889366, 60.216377], [24.889734, 60.216644], [24.89047, 60.217169], [24.890838, 60.217426], [24.891022, 60.217551], [24.891206, 60.217684], [24.891959, 60.2182], [24.892327, 60.218457], [24.892511, 60.218591], [24.892681, 60.21872], [24.895156, 60.220314], [24.895599, 60.220661], [24.895875, 60.220884], [24.896081, 60.221152], [24.896157, 60.221286], [24.896215, 60.221429], [24.896453, 60.222217], [24.896554, 60.22262], [24.896673, 60.223015], [24.896731, 60.223167], [24.896807, 60.223319], [24.896902, 60.223498], [24.897015, 60.223676], [24.897224, 60.224034], [24.897335, 60.22415], [24.897428, 60.22423], [24.897631, 60.224426], [24.897854, 60.22464], [24.898356, 60.225032], [24.898352, 60.225032], [24.89861, 60.225227], [24.898922, 60.225414], [24.899086, 60.225502], [24.899269, 60.225582], [24.89967, 60.225741], [24.900053, 60.225882], [24.900454, 60.226032], [24.900655, 60.226111], [24.900873, 60.226181], [24.901092, 60.226252], [24.90131, 60.226313], [24.901765, 60.226436], [24.902219, 60.226549], [24.902709, 60.226662], [24.903218, 60.226785], [24.903744, 60.226889], [24.904779, 60.227116], [24.905814, 60.22736], [24.906305, 60.227483], [24.906925, 60.227616], [24.907703, 60.227787], [24.908575, 60.227979], [24.908993, 60.228083], [24.909394, 60.228206], [24.909812, 60.228329], [24.91023, 60.228425], [24.911991, 60.228808], [24.912862, 60.228999], [24.913734, 60.229191], [24.914969, 60.22946], [24.915622, 60.229599], [24.916258, 60.229739], [24.917565, 60.230026], [24.918219, 60.230174], [24.918528, 60.230235], [24.918819, 60.230313], [24.919164, 60.23041], [24.919474, 60.230515], [24.919802, 60.230639], [24.920122, 60.230765], [24.920568, 60.230929], [24.920788, 60.231027], [24.920989, 60.231124], [24.921337, 60.23131], [24.921632, 60.231514], [24.922239, 60.231932], [24.922826, 60.232287], [24.923432, 60.232633], [24.924037, 60.232979], [24.924624, 60.233316], [24.924826, 60.233422], [24.925045, 60.233528], [24.925283, 60.233634], [24.925538, 60.233722], [24.925757, 60.233783], [24.925975, 60.233845], [24.926356, 60.233923], [24.926537, 60.233948], [24.926755, 60.233974], [24.927189, 60.234007], [24.92764, 60.234021], [24.928561, 60.234033], [24.929446, 60.234045], [24.929897, 60.23405], [24.930177, 60.234047], [24.930547, 60.234055], [24.930673, 60.234045], [24.930817, 60.234035], [24.930943, 60.234016], [24.931069, 60.233988], [24.931212, 60.233942], [24.931301, 60.233906], [24.931425, 60.233833], [24.931584, 60.233698], [24.931742, 60.233544], [24.932094, 60.233227], [24.932446, 60.232902], [24.932779, 60.232585], [24.933167, 60.232241], [24.93336, 60.232069], [24.933466, 60.231988], [24.93359, 60.231897], [24.934442, 60.231369], [24.935081, 60.231035], [24.93526, 60.230962], [24.935474, 60.230889], [24.935904, 60.230742], [24.937264, 60.230337], [24.937586, 60.230236], [24.937908, 60.230135], [24.938535, 60.22996], [24.939181, 60.22983], [24.939576, 60.229765], [24.939989, 60.229717], [24.940548, 60.229668], [24.941016, 60.229638], [24.941466, 60.229616], [24.941935, 60.229604], [24.942422, 60.229601], [24.943199, 60.229613], [24.943614, 60.229628], [24.944012, 60.229652], [24.944789, 60.2297], [24.946129, 60.229843], [24.946799, 60.229928], [24.947125, 60.229971], [24.947303, 60.23], [24.947633, 60.230048], [24.947814, 60.230074], [24.948177, 60.230134], [24.948885, 60.230273], [24.9509, 60.230698], [24.951917, 60.230924], [24.952917, 60.23115], [24.954897, 60.231603], [24.955423, 60.231706], [24.95595, 60.23181], [24.95644, 60.231923], [24.956836, 60.232007], [24.957312, 60.232115], [24.957476, 60.232149], [24.957657, 60.232175], [24.95782, 60.232183], [24.958018, 60.23219], [24.958199, 60.23218], [24.958432, 60.232151], [24.958666, 60.232114], [24.958881, 60.232049], [24.959077, 60.231976], [24.959522, 60.231731], [24.959948, 60.231476], [24.960817, 60.230967], [24.961242, 60.230677], [24.961472, 60.230532], [24.961666, 60.230387], [24.962108, 60.230078], [24.96255, 60.22977], [24.962975, 60.22948], [24.963205, 60.229325], [24.963435, 60.22918], [24.963826, 60.22898], [24.964022, 60.22888], [24.964338, 60.22871], [24.964378, 60.228697], [24.964538, 60.228616], [24.96484, 60.228461], [24.965461, 60.228106], [24.966101, 60.227787], [24.966403, 60.227633], [24.966581, 60.227541], [24.96667, 60.227505], [24.966778, 60.227468], [24.966885, 60.227449], [24.967029, 60.22743], [24.967228, 60.227438], [24.967373, 60.227455], [24.9675, 60.22749], [24.967646, 60.227561], [24.967776, 60.227658], [24.967816, 60.227802], [24.96775, 60.228009], [24.967701, 60.228171], [24.967722, 60.228278], [24.967741, 60.228332], [24.967798, 60.228403], [24.96789, 60.228474], [24.968, 60.228536], [24.96811, 60.228607], [24.968597, 60.228852], [24.971629, 60.230414], [24.972013, 60.230599], [24.972306, 60.230732], [24.97258, 60.230828], [24.972853, 60.230916], [24.973053, 60.230978], [24.973453, 60.231064], [24.974033, 60.231159], [24.974649, 60.231226], [24.974938, 60.231242], [24.975318, 60.231257], [24.975697, 60.231263], [24.976058, 60.231261], [24.977697, 60.231168], [24.979342, 60.231069], [24.98013, 60.231024], [24.980905, 60.230982], [24.982565, 60.23097], [24.985311, 60.231048], [24.988074, 60.231109], [24.99183, 60.231197], [24.992859, 60.231189], [24.993454, 60.231167], [24.99403, 60.231127], [24.994876, 60.231049], [24.995702, 60.230899], [24.996168, 60.230797], [24.996634, 60.230694], [24.997099, 60.230565], [24.997528, 60.230427], [24.997957, 60.230245], [24.99885, 60.229769], [24.998543, 60.229953], [24.99872, 60.229844], [24.998934, 60.229744], [24.999111, 60.229634], [24.999501, 60.229416], [24.999856, 60.229198], [25.000601, 60.228771], [25.000973, 60.228552], [25.001168, 60.228452], [25.001382, 60.228352], [25.001685, 60.228233], [25.002024, 60.228122], [25.002364, 60.228012], [25.002757, 60.227893], [25.003151, 60.227773], [25.003991, 60.227506], [25.004634, 60.227304], [25.005188, 60.227129], [25.005599, 60.226982], [25.005991, 60.226836], [25.006794, 60.226533], [25.007186, 60.226378], [25.007578, 60.226222], [25.007988, 60.226067], [25.008203, 60.226011], [25.008383, 60.225974], [25.008582, 60.225972], [25.008781, 60.225989], [25.008981, 60.226023], [25.009163, 60.226085], [25.009254, 60.226129], [25.009328, 60.226182], [25.009809, 60.226573], [25.010272, 60.226974], [25.010456, 60.22708], [25.010657, 60.227177], [25.010858, 60.227238], [25.010985, 60.227264], [25.011201, 60.227255], [25.011471, 60.227217], [25.011615, 60.227198], [25.012108, 60.227123], [25.012657, 60.227055], [25.013125, 60.226989], [25.013592, 60.226922], [25.014185, 60.226846], [25.014328, 60.226818], [25.014651, 60.226762], [25.014884, 60.226697], [25.014956, 60.226679], [25.015134, 60.226614], [25.015294, 60.22655], [25.015525, 60.226432], [25.01572, 60.226296], [25.015825, 60.226214], [25.015913, 60.226124], [25.015965, 60.226051], [25.016017, 60.225979], [25.01633, 60.225609], [25.016487, 60.225428], [25.016643, 60.225238], [25.016748, 60.22513], [25.016904, 60.224931], [25.017061, 60.224742], [25.01713, 60.224642], [25.017307, 60.224542], [25.017539, 60.22446], [25.018131, 60.224338], [25.019368, 60.224078], [25.020551, 60.223835], [25.02125, 60.223686], [25.022016, 60.22352], [25.025482, 60.222801], [25.027364, 60.222409], [25.029246, 60.222017], [25.035645, 60.220684], [25.038854, 60.220013], [25.042009, 60.219359], [25.043604, 60.219033], [25.04416, 60.218912], [25.044698, 60.218818], [25.045237, 60.218742], [25.045506, 60.218695], [25.045775, 60.218657], [25.046332, 60.21858], [25.048164, 60.218314], [25.049077, 60.218181], [25.049978, 60.218058], [25.05057, 60.217963], [25.051144, 60.217869], [25.051736, 60.217757], [25.05213, 60.217673], [25.052615, 60.217561], [25.053044, 60.21745], [25.053634, 60.217293], [25.054027, 60.217164], [25.054491, 60.217017], [25.055008, 60.216833], [25.055401, 60.216686], [25.055793, 60.216548], [25.056256, 60.216365], [25.056665, 60.216191], [25.056985, 60.216036], [25.057233, 60.215891], [25.057516, 60.215727], [25.057763, 60.215554], [25.057975, 60.215409], [25.058151, 60.215273], [25.058308, 60.215119], [25.058536, 60.214893], [25.058706, 60.214682], [25.058884, 60.214513], [25.059075, 60.214287], [25.059162, 60.21417], [25.05923, 60.214053], [25.059332, 60.213854], [25.059433, 60.213647], [25.059517, 60.21344], [25.059564, 60.213233], [25.059628, 60.212963], [25.059637, 60.212694], [25.059611, 60.212434], [25.059566, 60.212183], [25.059411, 60.211825], [25.059238, 60.211485], [25.059086, 60.211235], [25.058915, 60.210985], [25.058728, 60.210754], [25.058539, 60.210513], [25.058205, 60.21021], [25.057871, 60.209908], [25.057813, 60.2098], [25.057828, 60.20972], [25.057898, 60.209638], [25.058003, 60.209557], [25.058164, 60.209492], [25.059174, 60.209355], [25.060463, 60.209196], [25.060696, 60.209167], [25.06093, 60.209129], [25.061162, 60.209083], [25.061377, 60.209036], [25.062308, 60.208804], [25.062666, 60.208729], [25.063043, 60.208663], [25.063582, 60.208605], [25.064104, 60.208583], [25.064429, 60.208581], [25.064753, 60.208587], [25.065368, 60.208636], [25.067591, 60.208779], [25.069326, 60.208882], [25.071062, 60.209031], [25.071569, 60.20908], [25.072058, 60.209139], [25.072547, 60.209207], [25.073164, 60.20931], [25.074072, 60.2095], [25.074687, 60.209627]]}}]}